,name,introduction_title,url,introduction_text
1,ラフマニノフ：ピアノ協奏曲 第2番 ハ短調 作品18,「ラフマニノフが世界に羽ばたくきっかけの曲」,https://lnk.to/dept_50023,'ラフマニノフの最高傑作であるだけでなく、20世紀に書かれたピアノ協奏曲の最高峰に位置するこの曲は、彼の名を世界に知らしめるきっかけとなった人気曲だ。作曲の背景には、「交響曲第1番」の手痛い失敗によって極度の神経衰弱に陥ったラフマニノフを暗示療法によって立ち直らせたダール博士の存在がある。初演は1901年10月27日に作曲者自身のピアノによってモスクワで披露され、作品は彼を救ったダール博士に献呈されている。'
2,チャイコフスキー：ヴァイオリン協奏曲 ニ長調 作品35,「“悪臭を放つ音楽”と言われた作品の晴れ姿」,https://lnk.to/dept_50024,'今や、ベートーヴェン、メンデルスゾーン、ブラームスのヴァイオリン協奏曲と並ぶ屈指の名曲として名高いこの曲の最初の評価は酷かった。初演を依頼した名手アウアーからは「演奏不可能」と拒絶され、評論家のハンスリックからは「悪臭を放つ音楽」とまで言われてしまったのだ。しかし初演したヴァイオリニスト、ブロツキーの努力によって徐々に人気を得たこの作品は、今や超人気曲となっている。まさに「起死回生の大名曲！」。'
3,ベートーヴェン : ピアノ協奏曲 第5番 変ホ長調 作品73《皇帝》,「ベートーヴェンの闘争本能を象徴する傑作」,https://lnk.to/dept_50025,'1811年に初演されたこの作品は、その規模の大きさや堂々とした雰囲気から、いつしか《皇帝》と呼ばれるようになった名曲だ。雄々しい作風の背景からは、作曲当時ウィーンを占領していたナポレオン率いるフランス軍に対するベートーヴェンの激しい怒りと、ウィーンを思う憂いが見え隠れする。「私が戦術のことを対位法と同じくらい知っていたら、目にものを見せてやったのに」と語ったと言うのはいかにもベートーヴェンらしい逸話だ。'
4,ドヴォルザーク：チェロ協奏曲 ロ短調 作品104,「アメリカ滞在中に書かれた望郷のメロディ」,https://lnk.to/dept_50026,'数々の名作を生み出し、すでに世界的な名声を得ていたドヴォルザークのもとに、「ニューヨーク・ナショナル音楽院」院長就任の要請があった。これを受けたドヴォルザークは、４年間のアメリカ滞在中に、交響曲第9番《新世界より》、弦楽四重奏曲《アメリカ》そして「チェロ協奏曲」を作曲する。その素晴らしさに「こんなチェロ協奏曲が人間の手で書けるとは思わなかった…」とブラームスがため息交じりに称賛したことも語り草だ。'
5,ベートーヴェン：ヴァイオリン協奏曲 ニ長調 作品61,「ベートーヴェンの“傑作の森”に聳え立つ大樹」,https://lnk.to/dept_50027,'その気品ある美しさと規模の大きさから「ヴァイオリン協奏曲の王者」と呼ばれるこの作品が作曲されたのは1806年。ベートーヴェンの黄金期にあたる“傑作の森”の中心に聳え立つ大樹のような作品だ。ところが初演の際にはそのスケールの大きさが、当時の軽妙洒脱な作品に慣れた聴衆には受けなかった。それを覆したのが、1844年当時13歳の天才ヴァイオリニスト、ヨアヒムだった。名曲にはその魅力を引き出す名手の存在が不可欠だ。'
6,チャイコフスキー：ピアノ協奏曲 第1番 変ロ短調 作品23,「“演奏不可能”の評価から名曲へと上り詰める」,https://lnk.to/dept_50028,'古今東西のピアノ協奏曲の中でも、最も有名な作品の一つであるこの曲が完成したのは1875年。チャイコフスキー35歳の年だった。ところが、この自信作をモスクワ音楽院の院長ニコライ・ルビンシテインに「演奏不可能」と酷評されてしまう。憤慨したチャイコフスキーは、ドイツの名ピアニストで指揮者ハンス・フォン・ビューローにこの作品を献呈。そのビューローがアメリカ・ツアーで初演し、一躍人気曲になったというのは有名な逸話だ。'
7,ブラームス：ヴァイオリン協奏曲 ニ長調 作品77,「名手ヨアヒムの協力で完成した唯一無二の名曲」,https://lnk.to/dept_50029,'1833年生まれのドイツ・ロマン派を代表する作曲家ブラームスが残した唯一のヴァイオリン協奏曲が書かれたのは1878年。ブラームス45歳の年だった。創作活動の頂点にあったブラームスが、ヴァイオリン協奏曲を手掛けるきっかけとなったのが、避暑地バーデン・バーデンで聴いた名手サラサーテの演奏に感銘したこと。ついに完成した作品の初演は1879年1月1日、カデンツァの作曲を手掛けた名手ヨアヒムの演奏によって披露された。'
8,メンデルスゾーン：ヴァイオリン協奏曲 ホ短調 作品64,「クラシック史上屈指の美しいメロディがここに」,https://lnk.to/dept_50030,'“早熟の天才”メンデルスゾーンのすべての作品の中で、最も有名な「ヴァイオリン協奏曲　ホ短調」は、ドイツ・ロマン派の生んだ最も素晴らしい協奏曲として記念碑的な意義を持つ作品だ。ブラームスがヨアヒムの協力を得たように、メンデルスゾーンは自らが常任指揮者を務めるゲヴァントハウス管弦楽団のコンサートマスター、ダヴィッドの協力を得て名作を書き上げた。その冒頭のメロディは、クラシック史上屈指の美しさに違いない。'
9,ブラームス：ピアノ協奏曲 第2番 変ロ長調 作品83,「ブラームス円熟の境地に生み出された大作」,https://lnk.to/dept_50031,「ピアノ協奏曲第１番」を書き上げてから20年以上も後の1881年に完成された「第2番」は、その間に生み出された2つの交響曲（第1番＆第2番）やヴァイオリン協奏曲、《大学祝典序曲》などによって、円熟の境地に達したブラームスの横綱相撲を見るような趣だ。作品全体を貫く明るさを伴う雰囲気は、風光明媚なイタリア旅行での感激が大きく影響し、その雄大さは“ピアノ独創部を持つ交響曲”と呼ばれるほどの素晴らしさだ。
10,ショパン：ピアノ協奏曲 第1番 ホ短調 作品11,「祖国を旅立つ20歳のショパンによる惜別の曲」,https://lnk.to/dept_50032,'ショパンは生涯に2曲のピアノ協奏曲を遺している。そのどちらも彼がポーランドを離れる直前に書かれた作品だ。20歳のときに書かれた「ピアノ協奏曲第1番」は、音楽家としての新天地を求めてウィーンに旅立つショパンのための壮行会で初演された名曲だ。当時祖国を離れることは永遠の別れにも等しい意味があったのだろう。そしてその言葉通り、ショパンは二度と再び愛する祖国ポーランドの土を踏むことはなかったのだ。'
11,モーツァルト：ピアノ協奏曲 第20番 ニ短調 K.466,「秀才を狂わせる天才の凄さがここにある」,https://lnk.to/dept_50034,'映画『アマデウス』の冒頭で、印象的に使われていた音楽がピアノ協奏曲第20番の第2楽章だ。“神から祝福された者”という言葉「アマデウス」の名を持つ天才モーツァルトの完璧な音楽は、秀才であるサリエリを狂わせるほどの力を持つのだろうか。凡人である我々には、ただただ美しい音楽であるこの作品の魔力がここにある。そして、遺された27曲のピアノ協奏曲の中で初めて手掛けた短調の曲という点に於いてもこの作品は特別だ。'
12,ヴィヴァルディ：ヴァイオリン協奏曲集《四季》,「クラシック史上にその名を刻む大ヒット曲」,https://lnk.to/dept_50035,'1725年に、《和声と創意への試み》というタイトルで出版された12曲からなる協奏曲集の、第1番から第4番までの4曲が、いわゆる「ヴィヴァルディの“四季”」として知られる名作だ。この4曲の楽譜の冒頭には、それぞれ春・夏・秋・冬にまつわる季節の説明が描かれたソネットが添えられ、その言葉に沿って忠実に音楽が作られたことが伺える。なにはともあれ、クラシック史上屈指のヒット曲《四季》の素晴らしさは永遠不滅の輝きを放っている。'
13,モーツァルト：クラリネット協奏曲 イ長調 K.622,「死の2ヵ月前に書かれた彼岸の境地に触れる」,https://lnk.to/dept_50036,'モーツァルトが協奏曲ジャンルで遺した最後の作品にして唯一のクラリネットのための協奏曲がこれ。作曲のきっかけになったのは、親しい友人でクラリネットの名手シュタードラーの存在だ。彼のために「クラリネット五重奏曲」も書いていることから、その腕前の素晴らしさが伺い知れる。作曲されたのは1791年10月頃とされているので、モーツァルトの死の2ヵ月前。天才が最晩年に到達した穏やかな彼岸の境地が心に染み入る名曲だ。'
14,ラフマニノフ：ピアノ協奏曲 第3番 ニ短調 作品30,「映画『シャイン』を象徴する印象的なメロディ」,https://lnk.to/dept_50037,'有名な「ピアノ協奏曲第2番」の成功によって自らのスタイルを確立したラフマニノフが、自信を持って手掛けた作品がこれ。指揮者・ピアニストとして北米への演奏旅行中に書き上げられ、ラフマニノフ自身「アメリカのために書いた」と語る作品の仕上がりは絢爛豪華。ピアノの名手が技巧を披露すべく挙って演奏する難曲中の難曲だ。冒頭の印象的なメロディは、映画『シャイン』に使われて一躍有名になったことが思い出される。'
15,ブラームス：ピアノ協奏曲 第1番 ニ短調 作品15,「若きブラームスによる初のオーケストラ曲」,https://lnk.to/dept_50038,'ベートーヴェンの後継者を自認し、大きな影響を受けたブラームスは、２曲のピアノ協奏曲を遺している。その「第１番」の作曲当時ブラームスはまだ20代前半。この作品がオーケストラを扱った最初の作品であることが興味深い。初演は1859年1月に、ヨアヒムの指揮とブラームス自身のピアノで行われている。作品全体を貫く疾風怒濤のような作風は、20年以上後に登場する壮大な「第２番」に、勝るとも劣らぬ素晴らしさだ。'
16,ベートーヴェン：ピアノ協奏曲 第4番 ト長調 作品58,「ベートーヴェン“傑作の森”の充実ぶりを実感」,https://lnk.to/dept_50039,'ベートーヴェンが最も充実していた時期の作品がいかに凄いかを認識するような傑作だ。前後に書かれた作品群を眺めてみると、交響曲第3～6番、ヴァイオリン協奏曲にオペラ《フィデリオ》などなど、まさに“傑作の森”と呼ばれるにふさわしい時期の作品だ。第1楽章冒頭のピアノ独奏での開始など、随所に新たな試みが込められた音楽の完成度は素晴らしく、ベートーヴェンがピアノとともに創作を進めてきた成果が感じられる。'
17,シベリウス：ヴァイオリン協奏曲 ニ短調 作品47,「北欧の気配が色濃く反映された唯一の協奏曲」,https://lnk.to/dept_50040,'7曲の優れた交響曲によって20世紀における最も偉大な「交響曲作曲家」の一人に数えられるフィンランドの作曲家シベリウス。その彼が遺した唯一の協奏曲が「ヴァイオリン協奏曲」だ。北欧の気配を色濃く表現したこの曲の完成は1903年。《フィンランディア》などの成功によってすでに国際的な名声を得ていたシベリウスが38歳で手がけたこの曲からは、若き日にヴァイオリニストを志しながら叶わなかった“憧れ”が伝わってくるようだ。'
18,ラヴェル：ピアノ協奏曲 ト長調,「アメリカ演奏旅行を夢見たラヴェルの遺産」,https://lnk.to/dept_50041,'20世紀前半のフランスを代表する作曲家ラヴェルは、その最晩年に美しいピアノ協奏曲を2曲遺している。1931年に完成した「ピアノ協奏曲ト長調」は、自らのアメリカ演奏旅行のために用意した作品だったが、健康状態悪化によって実現せず。翌1932年1月14日、名手マルグリット・ロンのピアノによってパリで初演された。「ジャズから借りた要素」を持つ第1楽章と憂いに満ちた第2楽章、バスク的な第3楽章が新時代の到来を告げる。'
19,シューマン：ピアノ協奏曲 イ短調 作品54,「シューマンが完成させた唯一のピアノ協奏曲」,https://lnk.to/dept_50042,'ピアニストを志しながら、手の故障によって断念せざるを得なかったシューマンの思いが込められた「ピアノ協奏曲」は、愛妻クララを伴う夢の実現といった趣の名作だ。その創作過程には当然“当代随一のピアニスト”であるクララの存在がある。その結果、作品はシューマンによる「ヴィルトゥオーソのための協奏曲は書かない」発言とは裏腹に、巨匠的技術が必要な大作へと導かれる。傑作誕生の背景には、シューマン夫妻のロマンスがあったのだ。'
20,J.S.バッハ：ブランデンブルク協奏曲 BWV1046～1051,「ひたむきな音楽への想いが響くバッハの世界」,https://lnk.to/dept_50043,"1721年3月24日、音楽愛好家として知られていた、ときのブランデンブルク侯クリスティアン・ルートヴィヒに献呈された６曲の合奏協奏曲は、あらゆる楽器編成の可能性を駆使して創作された、J.S,バッハの代表曲にして、彼が手掛けたこの種の作品中最大の傑作だ。ここには感情表現とは全く無縁の純粋な音楽の楽しみのみが存在する。当時30代なかばの壮年期にあったJ.S.バッハの才気煥発な音楽は、貴族たちをおおいに喜ばせたに違いない。"
21,モーツァルト：ピアノ協奏曲 第23番 イ長調 K.488,「スターリンも愛した名曲とはいかに」,https://www.universal-music.co.jp/mitsuko-uchida/products/uccs-50128/,'モーツァルトが最初に手掛けた協奏曲がピアノのための作品であったことや、全協奏曲の半分がピアノ協奏曲であることなどから、モーツァルトにとってピアノ協奏曲がいかに重要なジャンルであったかが伺える。1786年に初演されたとされる第23番は、後期のピアノ協奏曲の中でも特に親しみやすく、一般的に最も広く知られた作品の一つだ。第2楽章の美しさは印象的で、2017年の映画『スターリンの葬送狂騒曲』の中でも効果的に使われている。'
22,ベートーヴェン：ピアノ協奏曲 第3番 ハ短調 作品37,「ベートーヴェンが飛躍するきっかけがここに』で名高い遺作」,https://www.universal-music.co.jp/friedrich-gulda/products/uccs-50129,'ベートーヴェンはその生涯に5曲のピアノ協奏曲を完成させている。そのすべてが名曲として今も頻繁に演奏されているところにベートーヴェンの価値と凄みが感じられる。1803年に行われた第3番の初演の際にベートーヴェンが弾くピアノ・パートには、ほとんど何も書かれていなかったという譜めくり人の証言が可笑しい限り。しかし、まだ頭の中にしかなかった作品の完成度は極めて高く、ベートーヴェンの飛躍のきっかけとなった名曲だ。'
23,ブルッフ：ヴァイオリン協奏曲 第1番 ト短調 作品26,「メンデルスゾーン以降に登場した屈指の名曲」,https://www.universal-music.co.jp/arthur-grumiaux/products/uccs-50130,'ブルッフが遺した3曲のヴァイオリン協奏曲の中でも最も有名な第1番は、メンデルスゾーン以降に誕生したヴァイオリン協奏曲中屈指の名作と評価される。初演は1866年、当時28歳のブルッフの指揮とケーニヒ・スロウのヴァイオリンで行われ、当代最高の名手ヨアヒムに献呈されている。ブルッフ自身は、ヴィルトゥオーソ好みの演奏効果と甘いメロディが印象的な1番ばかりが評価され、2番3番が不人気なことが不満だったというのも語り草だ。'
24,J.S.バッハ：2つのヴァイオリンのための協奏曲 ニ短調 BWV1043,「2人の名手が並び立つ美の饗宴」,https://www.universal-music.co.jp/hilary-hahn/products/uccs-50131,'現存するバッハの3曲のヴァイオリン協奏曲は、バッハの息子エマヌエルによって保存され、ルストによって編纂された『バッハ全集』に収録されて現在に至ることを感謝したい。2本のヴァイオリンが競い合うようにメロディを奏でる「2つのヴァイオリンのための協奏曲」の親しみやすさはまさに破格。時代を超えた新鮮な音楽が楽しめる。後に「2つのチェンバロのための協奏曲」ハ短調BWV1062に編曲されたのもバッハならではの面白さだ。'
25,ショパン：ピアノ協奏曲 第2番 ヘ短調 作品21,「ため息が出るほど美しい第2楽章ラルゲット」,https://www.universal-music.co.jp/krystian-zimerman/products/uccs-50132,'第1番の1年前の1829年に作曲されたにもかかわらず出版の関係で第２番となったこの曲は、第２楽章の美しいメロディに初恋の人コンスタンティア・グラドコフスカヘの思いが込められたとされるロマンティックな名曲だ。しかし作品は彼女には献呈されず、パリで交流した美貌の才女デルフィーヌ・ポトツカ伯爵夫人に捧げられている。初演は1830年3月17日。ショパン自身のピアノによって行われ、コンサートは大成功を収めている。'
26,グリーグ：ピアノ協奏曲 イ短調 作品16,「衝撃的な始まりが印象的な北欧の名曲」,https://www.universal-music.co.jp/alice-sara-ott/products/uccs-50133,'ノルウェーを代表するロマン派の作曲家グリーグの代表作といえば《ペール・ギュント》とこのピアノ協奏曲だ。ハンス・フォン・ビューローに“北欧のショパン”と呼ばれたロマンティックな作風で構成される本作は、クレッシェンドするティンパニの連打によって開始する極めて印象的な名作だ。2度目のローマ旅行の際に自信作であるこの曲を持参してリストに見せた所、当時57歳のリストが初見で弾きこなして絶賛したという逸話も興味深い。'
27,プロコフィエフ：ピアノ協奏曲 第3番 ハ長調 作品26,「プロコフィエフの力を世に知らしめた人気曲」,https://www.universal-music.co.jp/vladimir-ashkenazy/products/uccs-50134,'20世紀を代表するピアノ協奏曲として名高いこの曲は、同時期に作曲されたオペラ《3つのオレンジへの恋》や、バレエ《道化師》などとともに、プロコフィエフの名を世に広めるきっかけとなった名作だ。ロシア革命に伴うソビエト連邦成立の中、シベリアから日本を経由してアメリカに亡命したプロコフィエフがパリで完成させたこの作品は、優れたピアニストでもあった自らのピアノによってシカゴで初演されるという、国際色豊かな背景が特色だ。'
28,ロドリーゴ：アランフェス協奏曲,「哀愁に満ちた2楽章はジャンルを超えた名旋律」,https://www.universal-music.co.jp/kaori-muraji/products/uccs-50135,'スペイン中部に位置する街アランフェスにある古い宮殿からインスピレーションを受けたこの作品は、クラシック・ギター史上最も有名な曲の一つだ。特に名高い第2楽章の美しいメロディは、マイルス・デイヴィスの『スケッチ・オブ・スペイン』を筆頭に、様々なジャンルのアーティストによって演奏されている。初演は1940年11月９日にバルセロナで行われ、3年余に及ぶスペイン内戦で傷ついた人々の心に希望を与えたと伝えられる。'
29,モーツァルト：ヴァイオリンとヴィオラのための協奏交響曲 変ホ長調 K.364,「モーツァルトが遺した協奏曲作品の頂点」,https://www.universal-music.co.jp/karl-bohm/products/uccs-50136,'モーツァルトの「協奏交響曲」の第2作目であるこの曲は、マンハイム・パリ旅行から　帰郷して半年ほど経った1779年の夏に作曲されている。マンハイム・パリ様式の影響が色濃く反映された音楽は、ヴァイオリンとヴィオラのための協奏曲というよりも、管弦楽に同化して尚2つの楽器が光り輝く統一感を保つという意味で、協奏交響曲の名に相応しい仕上がりだ。美しい第2楽章は、ヴィスコンティの映画『家族の肖像』に使われたことでも有名。'
30,エルガー：チェロ協奏曲 ホ短調 作品85,「愛国者エルガーの慟哭が響くチェロの名作」,https://www.universal-music.co.jp/mischa-maisky/products/uccs-50137,'1857年生まれのイギリスの作曲家エルガーが晩年に遺した名作「チェロ協奏曲」の初演は1919年。その翌年に愛妻アリスを亡くすことによって創作意欲を失ってしまったエルガーが遺した最後の大作だ。作曲当時のエルガーに深く根ざした第一次世界大戦を憂う気持ちの現れなのだろうか、チェロの独奏による暗く重々しい序章が、全曲を通して随所に登場するこの作品は、熱烈な愛国者であったエルガーの慟哭のようにも聴こえてくる。'
31,J.S.バッハ：無伴奏ヴァイオリン・ソナタ＆パルティータ BWV1001～1006,「全てのヴァイオリニストにとっての試金石」,https://lnk.to/dept_50001,'J.S.バッハが遺した無伴奏作品は、『無伴奏チェロ組曲』『無伴奏フルートのためのパルティータ』、そしてこの『無伴奏ヴァイオリン・ソナタ＆パルティータ』の3種のみ。そのいずれも、それぞれの楽器を象徴する名曲であるところがJ.S.バッハの偉大さだ。単独で演奏されることも多い『シャコンヌ』を含むこの作品は、ヴァイオリンに可能なあらゆる技巧が盛り込まれ、すべてのヴァイオリニストにとっての試金石であり指標とも言える存在だ。'
32,J.S.バッハ：ゴルトベルク変奏曲 BWV988,「不眠解消用に書かれた目が覚める程の人気曲」,https://lnk.to/dept_50003,'不眠症に悩むカイザーリンク伯爵のために作曲し、弟子のヨハン・ゴットリープ・ゴルトベルクに演奏させたことから《ゴルトベルク変奏曲》と呼ばれるようになったこの作品は、美しいアリアと30の変奏曲で構成される人気曲。カナダの天才ピアニスト、グレン・グールド（1932-1982）がデビュー・アルバムに収録したことでも有名で、その録音は映画『ハンニバル』にも使われた。近年はピアニストにとって重要なレパートリーとなっている。'
33,J.S.バッハ：無伴奏チェロ組曲 BWV1007～1012,「カザルスが発掘したチェロのためのバイブル」,https://lnk.to/dept_50004,'J.S.バッハがケーテン時代（1717-1723）に作曲したとされるこの作品は、「プレリュードと舞曲」のスタイルで書かれた無伴奏チェロのための6つの組曲だ。当時は合奏の際の通奏低音を担う楽器とみなされていたチェロのために6曲の無伴奏組曲が書かれたことはまさに画期的。その後、忘れ去られていたこの名曲をスペインの伝説的チェリスト、パブロ・カザルス（1876-1973）が再発見。以来、チェリストにとって最重要のレパートリーとなった。'
34,ベートーヴェン：ピアノ・ソナタ 第8番 ハ短調 作品13 《悲愴》,「ベートーヴェン自らその名を付けた初期の傑作」,https://lnk.to/dept_50006,'ベートーヴェンはその生涯に32曲のピアノ・ソナタを遺しているが、自ら名前をつけた作品は、第8番『悲愴』と第26番『告別』の2曲のみ。初期の頂点をなす傑作『悲愴』は、若きベートーヴェンの名を世に知らしめる原動力となり、第14番『月光』、第23番『熱情』とともに「3大ソナタ」の一角を担う人気曲としても有名だ。美しく印象的な第2楽章は、ビリー・ジョエルの『THIS NIGHT』に流用される他、さまざまなシーンに使われている。'
35,ベートーヴェン：ピアノ・ソナタ 第14番 嬰ハ短調 作品27の2《月光》,「“ロマンティスト”ベートーヴェンを知る名曲🌕」,https://lnk.to/dept_50007,'1801年、ベートーヴェン31歳の年に作曲されたこの作品の愛称『月光』は、ベートーヴェンと同時代の音楽評論家で詩人ルートヴィヒ・レルシュタープの「スイス・ルツェルン湖の月光に揺らぐ小舟のようだ」というコメントに由来する。日本に於いては月光の下で散歩していたベートーヴェンが、盲目の少女の弾くピアノのメロディをもとに作曲したという『月光の曲』という物語もあり。優雅な第1楽章から疾風怒涛の第3楽章に至る印象は強烈だ。'
36,ベートーヴェン：ピアノ・ソナタ 第23番 ヘ短調 作品57《熱情》,「ベートーヴェンの熱き思いが吹き荒れる傑作」,https://lnk.to/dept_50008,「3大ピアノ・ソナタ」の１つにして、ベートーヴェン中期の最高傑作と呼ばれる『熱情』は、同時期に作曲された交響曲第五番『運命』同様、ベートーヴェン作品の中でも最も激しい音楽の一つだ。第一楽章には『運命』冒頭と同じ強烈な4つの音が執拗に刻まれ、闘争的な情熱が吹き荒れる音楽は、ハンブルクの出版社クランツが出版時に付けたことによって定着した『熱情』の愛称そのもの。古今東西の腕利きピアニストが挙って演奏する人気曲。
37,ドビュッシー：ベルガマスク組曲,「音楽による情景描写の最高傑作『月の光』を聴く」,https://lnk.to/dept_50009,'ドビュッシーの全てのピアノ曲の中でも、最も有名な作品の1つ『月の光』を含む全4曲からなるピアノ曲集『ベルガマスク組曲』が出版されたのは1905年。若きドビュッシーの傑作だ。「ベルガマスク」と言うタイトルは、イタリア滞在中に受けたベルガモ地方の印象によるもので、当時ドビュッシーが好んでいたヴェルレーヌの詩にも触発された作品だと言われている。冨田勲のシンセサイザーによる編曲盤（1974年）もチェックしておきたい。'
38,ベートーヴェン：ピアノ・ソナタ 第32番 ハ短調 作品111,「第2楽章で閉じる生涯最後のピアノ・ソナタ」,https://lnk.to/dept_50010,'ベートーヴェンが遺した32曲のピアノ・ソナタの最後を飾るこの曲が出版されたのは1922年。ベートーヴェン52歳の年だ。2楽章までで終わることについては、ベートーヴェン自身が「時間がなかったから」と語ったというシントラ−の怪しい証言を始め、作曲当時から様々な憶測が飛び交った。しかし、これ以上なにも付け加える余地のない境地にまで達したというのが正解だろう。ベートーヴェン最晩年の枯淡の境地を心ゆくまで味わいたい。'
39,シューベルト：ピアノ・ソナタ 第21番 変ロ長調 D960,「シューベルトが死の直前に遺した音楽とは」,https://lnk.to/dept_50011,『遺作』として知られるこの曲は、シューベルトがこの世を去る1828年に相次いで書かれた3曲のピアノ・ソナタ（19番、20番＆21番）の最後を飾る作品だ。これらの作品は、シューベルトの死から10年後に「フランツ・シューベルト最後の作品（３つの大ソナタ）」としてディアベリ社から出版されている。わずか31歳の生涯の最後に、全く演奏される希望も無しに書かれた音楽がいかなるものか。胸が締め付けられるような音楽がここにある。
40,ショパン：バラード 第1番 ト短調 作品23,「羽生結弦選手を金メダルに導いた勝負曲⛸」,https://lnk.to/dept_50012,'ショパンは、21歳の1831年から1842年までの11年間に4曲の「バラード」を書いている。傑作の誉れ高い4曲の中でも最初に手掛けた第1番についてシューマンは「ショパンの全作品の中で最も好きだ」と語っている。その印象的なメロディは、映画『戦場のピアニスト』の中で効果的に使われたほか。近年は、フィギュアスケートの羽生結弦選手が、2018年の平昌オリンピックのショートプログラムで使用し、金メダルに輝いたことも懐かしい。'
41,ショパン： 舟歌 作品60,「ついに見ることのなかったヴェネツィアの海」,https://lnk.to/dept_50013,『舟歌』を作曲した1845年から46年当時のショパンは、長年連れ添った愛人ジョルジュ・サンドとの関係が破局寸前となり、持病も悪化して心身ともに疲れ果てた状態だった。憧れながらついに一度も見ることのなかった風光明媚なヴェネツィアの海を思い描いた『舟歌』からは、ショパンの深い悲しみと共に不思議な安らぎが感じられる。同時代の文筆家フォン・レンツが「これは2人以上の前で弾いてはならない曲だ」と語った言葉も心に響く。
42,ベートーヴェン：ピアノ・ソナタ 第31番 変イ長調 作品110,「フーガ好きには堪らない最晩年の境地を聴く」,https://lnk.to/dept_50014,'大作『ミサ・ソレムニス』や『ディアベリの主題による33の変奏曲』作曲の合間に書かれたこの作品の完成は1821年。ベートーヴェン51歳の年の作品だ。「後期3大ソナタ」と呼ばれる第30番、31番＆32番の中核をなすこの曲の特徴は「フーガ」にある。晩年のベートーヴェン作品に多く見られる「フーガ」を最もリアルに体験できるこの作品は「フーガ」好きには堪らない。ベートーヴェンが到達した究極の世界を味わう時間が愛おしい。'
43,モーツァルト：ピアノ・ソナタ 第11番 イ長調 K.331《トルコ行進曲付き》,「ピアノ学習者が最初に親しむモーツァルト」,https://lnk.to/dept_50015,モーツァルトが遺した18曲のピアノ・ソナタの中でも最も有名な第11番。その理由は第4楽章フィナーレに置かれた『トルコ行進曲（トルコ風に）』だ。単独で演'奏されることも多い『トルコ行進曲』は、作曲された当時流行していた東方風のスタイルを、モーツァルトならではのシンプルかつ勇壮なテーマに仕上げた傑作中の傑作だ。同時期にベートーヴェンも劇付随音楽『アテネの廃墟』の中に『トルコ行進曲』を挿入しているのも興味深い。'
44,シューマン：クライスレリアーナ 作品16,「愛妻クララへの無限の愛が溢れるピアノ曲」,https://lnk.to/dept_50016,'“クラシック史上最高のロマンティスト”と謳われるシューマンの、愛妻クララを想う気持ちが溢れ出したかのような音楽が『クライスレリアーナ』だ。1838年にクララに宛てた手紙には「今僕の中にあるこの音楽のなんと美しいことか。これは君への思いが主役だ。これを君に捧げよう。そこに自分の姿を見出したら君はきっと清らかに微笑むだろう」という熱い熱い言葉を連ねている。8曲からなるこの傑作は、同年齢のショパンに献呈されている。'
45,J.S.バッハ：トッカータとフーガ ニ短調 BWV565,「一度聴いたら忘れられない強烈な音楽がここに」,https://lnk.to/dept_50017,'J.S.バッハの数多いオルガン曲の中でも最も有名な作品がこれだ。オリジナルとされるオルガン演奏の他に、ブゾーニによる“ピアノ編曲版”や、ストコフスキーによる“オーケストラ編曲版”が親しまれていることからも人気の高さが伺える。しかしバッハの直筆譜が存在しないことから偽作説も根強いほか、本来はヴァイオリン曲なのではないかという説まで存在する。何にしても、一度聞いたら耳について離れない強烈な音楽の魅力は永遠不滅だ。'
46,ショパン：24の前奏曲 作品28,「バッハを敬うショパンが描いた24の小宇宙」,https://lnk.to/dept_50018,'1839年1月にマヨルカ島で完成されたこの曲集は、J.S.バッハの「平均律クラヴィーア曲集」に敬意を表し、それに習って24曲がすべて異なる調性で書かれたピアノ作品だ。有名な第15番『雨だれ』や太田胃散のCMでおなじみの第7番は、単独で演奏されることも多いショパンの代表曲であるなど、短くも美しい24曲のレベルは極めて高い。「ショパンの生涯」の作者J.ハネカーは「バッハを深く愛した者にしか書けない作品だ」と記している。'
47,ショパン：練習曲集 作品10＆作品25,「ショパンがリストに捧げたピアニストの試金石」,https://lnk.to/dept_50019,『練習曲』と言う名前からは想像もできないほどの高い芸術性を持つこの作品は、『24の前奏曲』と並ぶショパンの金字塔だ。『別れの曲』や『黒鍵』に『革命』などの有名曲を含むこの曲集は、まさにピアノという楽器の凄さを体験するためにぴったり。当然映画やCMに使われることも数多い。近年では2018年の映画『グリーンブック』の中で使われた『木枯らし』の印象が鮮烈だ。作品は1歳年下の友人フランツ・リストに献呈されている。
48,ラヴェル：亡き王女のためのパヴァーヌ,「24歳のラヴェルによる優雅で気品に満ちた出世作」,https://lnk.to/dept_50020,'ラヴェルがパリ音楽院在学中の24歳の時に書かれたこの曲は、17世紀スペインの宮廷画家ベラスケスの『マルガリータ王女』の肖像画にインスピレーションを受けて作曲した作品だ。16世紀初頭の舞曲であるパヴァーヌを主題に用いたこの曲の意味は、王女の哀悼ではなく、スペインの宮廷で小さな少女が踊る様子が描かれたもの。初演から8年後の1910年にラヴェル自身の手で管弦楽用に編曲され、さらに広く親しまれるようになった名曲だ。'
49,ベートーヴェン：ピアノ・ソナタ 第21番 ハ長調 作品53《ワルトシュタイン》,「過酷な人生をねじ伏せる中期の傑作ソナタ」,https://lnk.to/dept_50021,'20代後半から発症した難聴に苦しむベートーヴェンは、過酷な運命との戦いを決意。『クロイツェル・ソナタ』や『交響曲第3番』などの傑作を次々に生み出していく。その時期に書かれた『ワルトシュタイン』の完成度はまさに中期の傑作に相応しい。献呈されたワルトシュタイン伯爵はベートーヴェンの才能を愛し、故郷ボンからウィーンに旅立つベートーヴェンに対し「モーツァルトの精神をハイドンの手から受け取りなさい」と祝福した恩人だ。'
50,リスト：ラ・カンパネッラ (パガニーニの主題による大練習曲 S.141から第3番),「鐘の音が鳴り響くリスト最高の人気曲」,https://lnk.to/dept_50022,'ヴァイオリンの鬼才パガニーニの超人的な演奏を聴いて衝撃を受けたリストが「私はピアノのパガニーニになる」と決意したことがきっかけとなって生まれたこの曲は、リストの作品の中でも最も有名なピアノ曲だ。パガニーニの「ヴァイオリン協奏曲第2番」の第3楽章のメロディ（鐘に模したロンド）をピアノ用に編曲したこの作品は、パガニーニの原曲を凌ぐ程の技巧が盛り込まれ、カンパネラ（鐘）の鳴り響く様子が華麗に描かれてる。'
51,J.S.バッハ：2声のインヴェンション 第1番,「バッハの深遠な世界の扉を開く名旋律」,https://www.universal-music.co.jp/andras-schiff/products/uccs-50117,'《平均律クラヴィーア曲集》とともに、J.S.バッハが音楽教育を目的とした作品の代表作が「インンヴェション」だ。ピアノ学習者が最初に接するこのバッハ作品の作曲当時、長男ヴィルヘルム・フリーデマン・バッハが9歳程度だったことから、彼の教育のために作曲したことが想像される。全15曲の《2声のインヴェンション》の冒頭を飾る第1番のシンプルなメロディと後に続くフーガの美しさは、バッハの深遠な世界の入り口に相応しい。'
52,ショパン：夜想曲 第20番,「映画『戦上のピアニスト』で名高い遺作」,https://www.universal-music.co.jp/vladimir-ashkenazy/products/uccs-50118,'今では、第2番（作品9の2）と並ぶ「夜想曲（ノクターン）」の人気曲に数えられるこの曲が作曲されたのは1830年。しかし出版されたのはショパンの死の26年後の1875年であることから「遺作」と呼ばれるこの曲は、「ピアノ協奏曲第2番」を練習する姉のために作曲した小品だったようだ。この曲を一躍有名にしたのが2002年公開の映画『戦上のピアニスト』。哀愁に満ちたメロディは、今やショパンの代名詞として親しまれている。'
53,ドビュッシー：亜麻色の髪の乙女,「印象主義音楽の美しさがここに」,https://www.universal-music.co.jp/pierre-laurent-aimard/products/uccs-50120,'フランス印象主義を代表する作曲家ドビュッシーは、1巻＆2巻 各12曲、計24曲の前奏曲を遺している。《前奏曲集》のタイトルはショパンの同名の作品を意識したものだが、ショパン作品が刹那的な音楽であるのに対し、ドビュッシーの方はタイトルに基づいたものであるところに違いがある。フランスの詩人ルコント・ド・リールの詩にちなんだ第8曲〈亜麻色の髪の乙女〉は、〈月の光〉と並ぶ人気曲にして、冨田勲のシンセサイザー編曲でも名高い名作だ。'
54,シューベルト：即興曲 作品90 D899 第3番,「儚さと切なさに満たされた歌詞のない歌」,https://www.universal-music.co.jp/maria-joao-pires/products/uccs-50121,'ドイツ・ロマン派を代表する作曲家シューベルトの音楽の根底には常に「歌」が流れていた。それは作品90と142の2つの《即興曲集》においても同様だ。作品90が出版されたのは1827年12月10日。シューベルト30歳の年ということは、あまりにも早すぎる死の1年前という事実に胸が詰まる。変ト長調で書かれた第3番は、左手の控えめなアルペジオに支えられながら優雅で静かなメロディが、「無言歌」の佇まいの中に飛翔する。'
55,シューマン：子供の情景 作品15 ～トロイメライ,「若い心を保った素敵な大人たちへ贈りたい」,https://www.universal-music.co.jp/martha-argerich/products/uccs-50122,'クラシック史上最高のロマンティストと呼ばれるシューマンの功績は、優れた子供のための作品を数多く遺したことと言えそうだ。その代表作にあたる《子供の情景》は、第1曲〈見知らぬ国〉から第13曲〈詩人は語る〉に至るまでが、K.H.ヴェルナー曰くの「若い心を保った大人たちのための曲集」であるところが意義深い。中でも第7曲に置かれた“小さな夢”を意味する〈トロイメライ〉の美しさは格別。単独で演奏される機会の多い名旋律だ。'
56,シューマン：幻想曲 ハ長調 作品17,「敬愛するベートーヴェンとクララへの想い」,https://www.universal-music.co.jp/mitsuko-uchida/products/uccs-50123,'シューマンが遺したピアノ曲の中で、最も規模が大きく力強い作品が《幻想曲》だ。1836年のベートーヴェン没後10年に敬意を表して作曲されたこの曲は、当初ベートーヴェン風に3つの楽章を持ったソナタ形式だったところ、クララとの恋愛感情とその苦悩を挟み込んで「幻想曲」としたあたりが“稀代のロマンティスト”シューマンらしい。曲の冒頭には「一つの静かな音がひそやかに耳をそばだてる人に響く」というシュレーゲルの詩が添えられている。'
57,ショパン：ピアノ・ソナタ 第3番 ロ短調 作品58,「優しさと激しさを併せ持つ最円熟期の名作」,https://www.universal-music.co.jp/martha-argerich/products/uccs-50124,'ショパンは３曲のピアノ・ソナタを書いている。18歳の頃、作曲練習用として書かれた第1番は、生前出版されずに「遺作（作曲者の死後に出版された作品）」となり、現在コンサートで演奏される機会も殆どない。一方有名な〈葬送行進曲〉を含む第2番と、その5年後の1844年の夏に書かれたとされる第3番は、共に愛人ジョルジュ・サンドのノアンの家に同居していた時代の作品で、ショパンの最円熟期における名作中の名作だ。'
58,ショパン：ポロネーズ 第7番 変イ長調 作品61《幻想ポロネーズ》,「最晩年のショパンが描き出した美の極地」,https://www.universal-music.co.jp/rafal-blechacz/products/uccs-50125,'ショパンが生前出版した8曲のポロネーズの中でも、ひときわ独創的な名作と謳われる作品がこの《幻想ポロネーズ》だ。1845年秋から翌年の秋にかけて作曲されたこの曲は、持病の悪化と愛人ジョルジュ・サンドとの関係悪化という、肉体的にも精神的にも追い詰められた時期の作品だ。その状況は、ショパン自身が語る「書かれたる苦悩」という言葉からも伺える。しかし祖国ポーランドの民族色を纏った音楽は、永遠不滅の美しさを放っている。'
59,リスト：ピアノ・ソナタ ロ短調,「時代を超越したリストならではの名作」,https://www.universal-music.co.jp/helene-grimaud/products/uccs-50126,'従来のピアノ・ソナタとは一線を画す自由な手法で書かれたこの作品は、当時の有力な批評家や大音楽家たちから散々にけなされたにもかかわらず、今やピアニストにとっての重要なレパートリーとなっていることが興味深い。まさに時代を超越した天才リストならではの名作だ。後にリストの義理の息子となるワーグナーによる「あらゆる概念を超えて、美しく大きく好ましく気高い」という言葉こそが、この作品の本質をかたっているに違いない。'
60,パガニーニ : 24のカプリース 作品1,「多くの作曲家たちに影響を与えた驚異の名作」,https://www.universal-music.co.jp/julia-fischer/products/uccs-50127/,'演奏史上類を見ない超絶技巧を獲得し、ヴァイオリンからあらゆる可能性を引き出した鬼才パガニーニ。自らの演奏を真似されることを恐れ、自作の楽譜を焼き捨てたという伝説まで残るこの怪人が、生前出版した唯一の作品がこれだ。ヴァイオリンの演奏技巧をふんだんに盛り込んだこの作品に魅せられたリストが《パガニーニ大練習曲》を書き、ブラームスやラフマニノフは変奏曲を手掛けたというきっかけになった名曲の凄さをご堪能あれ。'
61,ストラヴィンスキー：バレエ《春の祭典》,「初演はクラシック史上最大のスキャンダル！」,https://lnk.to/dept_50045,'20世紀最高の作曲家と呼ばれるストラヴィンスキーの代表作《春の祭典》は、1913年の初演に於いて賛否両論。会場内が大騒ぎになるという前代未聞の事態を引き起こした問題作だった。しかし斬新なリズムとメロディは今や名曲中の名曲に数えられ、人類の存在を知的生命体に届ける使命を帯びて宇宙を飛行する宇宙探査機ボイジャーの「ゴールデンレコード」に、J.S.バッハ、モーツァルト、ベートーヴェンの作品とともに搭載される名作だ。'
62,ムソルグスキー（ラヴェル編）：組曲《展覧会の絵》,「ピアノ曲から管弦楽曲への華麗なる転身」,https://lnk.to/dept_50046,'友人の画家ハルトマンの死を悼んだムソルグスキーによる組曲《展覧会の絵》は、絵にちなんだ10曲の小品と前奏、そして間奏の役割の〈プロムナード〉からなるピアノ作品だ。この曲の管弦楽編曲をラヴェルに依頼したのが、ロシア生まれの指揮者クーセヴィツキーだった。“管弦楽の魔術師”と謳われるラヴェルの編曲は素晴らしく、世界中のオーケストラが演奏するに至る。現在では原曲の「ピアノ組曲」共々コンサートで頻繁に演奏される人気曲だ。'
63,J.S.バッハ：管弦楽組曲全曲 BWV1066〜1069,「バッハに親しむ第1歩は《G線上のアリア》」,https://lnk.to/dept_50047,「バッハは小川（ドイツ語でバッハは小川の意味）ではなく大海だ」と語ったのはベートーヴェン。その言葉を裏付ける作品が、《ブランデンブルク協奏曲》とならぶ大規模な管弦楽作品《管弦楽組曲》だ。中でも名高い第3番の第2楽章〈エア〉は、《G線上のアリア》という愛称によって知られる名曲だ。“バッハは難しそう”とお考えの方には、ぜひこの《管弦楽組曲》を聴いてほしい。厳しいバッハの顔が優しく見えること請け合い。
64,リムスキー=コルサコフ：交響組曲《シェエラザード》作品35,「アラビアン・ナイトの妖艶な世界に浸る」,https://lnk.to/dept_50049,'有名な『千夜一夜物語（アラビアン・ナイト）』の物語を音楽で描き出したこの作品は、リムスキー=コルサコフの代表作。作品は、威厳に満ちたシャリアール王と、可憐なシェエラザードの２つの主題を軸に〈海とシンドバットの船〉〈カランダール王子の物語〉〈若き王子と王女〉〈バグダットの祭、海、青銅の騎士のある岩にての難破〜終曲〉という4つの物語が展開される。特にシェエラザードの主題はヴァイオリニストの腕の見せ所だ。'
65,スメタナ：連作交響詩《わが祖国》,「チェコ独立の象徴は、今も音楽室の人気曲」,https://lnk.to/dept_50050,'1879年の作曲当時、オーストリアに統治されていた祖国チェコの独立を望む“象徴”として誕生した作品が、6曲からなる連作交響詩《わが祖国》だ。中でも名高い第2曲《モルダウ（今はチェコ語の“ヴルタヴァ”と呼ばれる）》は、学校の音楽の授業で必ず紹介される名曲だ。スメタナの命日に開催される音楽祭「プラハの春」の初日には、《わが祖国》が必ず演奏されることからも、チェコの人々がいかにこの曲を愛しているのかが伝わってくる。'
66,チャイコフスキー：バレエ《くるみ割り人形》作品71,「美しいメロディが散りばめられたファンタジー」,https://lnk.to/dept_50051,'《白鳥の湖》《眠れる森の美女》と並ぶチャイコフスキーの「3大バレエ」の一つ《くるみ割り人形》は、E.T.A．ホフマンの童話『くるみ割り人形とネズミの王様』を原作としたファンタジー作品だ。〈花のワルツ〉や〈金平糖の精の踊り〉など全編に散りばめられた美しい音楽は、稀代のメロディメーカー、チャイコフスキーならでは。近年では2018年のディズニー映画『くるみ割り人形と秘密の王国』が大きな話題となったことも記憶に新しい。'
67,モーツァルト：セレナード 第13番 ト長調 K.525《アイネ・クライネ・ナハトムジーク》,「最も有名なモーツァルト作品は父の思い出か」,https://lnk.to/dept_50052,〈トルコ行進曲〉と共に最も親しまれているモーツァルト作品がこの曲だろう。直訳すると「小さな夜の音楽（小夜曲）」、つまり小さなセレナーデといった意味のこの作品をモーツァルトが作曲した理由が未だに不明というのも興味深い。作曲当時、オペラ《ドン・ジョヴァンニ》を手掛けていた中で生み出されたこの美しいメロディは、２ヵ月ほど前になくなった父への思いにも関係があるのだろうか。冒頭のメロディは一度聴いたら耳について離れない。
68,ホルスト：組曲《惑星》 作品32,「占星術から生み出された宇宙の神秘がここに」,https://lnk.to/dept_50053,'太陽系に属する地球以外の「惑星」を音楽によって表現したこの作品について作曲者のホルストは「着想のきっかけは占星術です。神話や表題とは全く関係ない音楽です」と語っている。それにしても具体的な惑星それぞれに音楽をつけた発想力と魅力的な音楽には敬服する。当時まだ発見されていなかった「冥王星」は、「惑星」に認定された後に除外され、ホルストの《惑星》は今も完全無欠。〈木星〉はポップスにも流用される人気曲だ。'
69,ラヴェル：ボレロ,「シンプル・イズ・ビューティフルの極み」,https://lnk.to/dept_50054,'ラヴェル作品の中で最も有名な曲《ボレロ》が完成したのは1928年。まさに20世紀を代表する名曲だ。その特徴は、スネアドラムが刻む169回に及ぶ均一なリズムに載せたたった2つのメロディが、演奏する楽器を加えながら巨大なクレッシェンドを描き出すという極めてわかりやすい作品だ。そのシンプルさが故に人気が高く、コンサートで演奏される機会が多い他、伝説のダンサー、ジョルジュ・ドンが踊る映画『愛と悲しみのボレロ』も有名。'
70,ドビュッシー： 交響詩《海》 － 3つの交響的スケッチ,「水を音楽で描くことにこだわった男の集大成」,https://lnk.to/dept_50055,'印象主義を代表する作曲家ドビュッシーは、《水の反映》《水の精》《雨の庭》など、水を音楽で表現することに強いこだわりを持った作曲家だ。中でも管弦楽を用いた交響詩《海》は、その思いが結集された作品と言えそうだ。初版のオーケストラ・スコアの表紙には葛飾北斎の『富嶽三十六景』の中の「神奈川沖浪裏」が描かれていたことも印象的だが、この絵から着想を得たかは不明。波乱万丈の私生活が創作の背景に見え隠れする傑作だ。'
71,レスピーギ：交響詩《ローマの松》,「古代ローマへの郷愁と幻想を描いた出世作」,https://lnk.to/dept_50056,'《ローマの噴水》《ローマの祭》とともに「ローマ三部作」を構成する《ローマの松》は、イタリアの作曲家レスピーギのローマ愛が結実した作品にして、その名を世に広めるきっかけとなった名作だ。4部構成によって描かれる“松のある風景”は、「松」という自然の存在を通じて、古代ローマへの郷愁と幻想を描いたとされる。作品の中にはグレゴリオ聖歌などの古い教会音楽が響き、古代ローマの兵士が石畳を征く姿などが見え隠れする。'
72,バルトーク：管弦楽のための協奏曲 Sz.116,「バルトーク最晩年の遺産にして最高傑作」,https://lnk.to/dept_50057,'この曲は、ボストン交響楽団の音楽監督を務めていたクーセヴィツキ−が、自らの生誕70年と、同響就任20周年を記念してバルトークに依頼した作品だ。その背景には、祖国ハンガリーを棄てて米国に亡命し、仕事も手につかない状況にあった失意のバルトークを励ます思いが込められていた。作曲者最晩年の作品の特徴である穏やかで華やかな雰囲気を持つこの音楽は、高度な演奏技術を求められる反面最も親しみやすい最高傑作に違いない。'
73,チャイコフスキー： 弦楽セレナード ハ長調 作品48,「モーツァルトへの憧れが生み出した名旋律」,https://lnk.to/dept_50058,「おお人事」のTVCMによって一躍人気曲となったこの作品。CM放映当時、コンサートでこの曲が演奏されると会場からどよめきが上がったことを思い出す。TVの影響力もさることながら、この曲のインパクトの強さを改めて実感する瞬間だ。敬愛するモーツァルトへのオマージュとも言われるこの曲は、チャイコフスキーの“内面からの衝動”によって生み出されたと伝えられる。古典派の時代に好まれた“弦楽だけで奏でられる音楽”の美しさは見事の一言。
74,ビゼー：《アルルの女》第1組曲・第2組曲,「作品の聴き所を集めた組曲は世界中で大人気」,https://lnk.to/dept_50059,'フランス自然主義の作家アルフォンス・ドーデの作品を題材とした劇付随音楽《アルルの女》は、オペラ《カルメン》と共にビゼーの代表作。美しいメロディの宝庫だけに、そのどちらにも管弦楽用に編曲された組曲が存在する。《アルルの女》においては、ビゼー自身が4曲を選んだ「第1組曲」と、それ以外の4曲を親友ギローが選んだ「第2組曲」の２つが並び立つ。作品全体の聴きどころばかりを集めた2つの組曲の美しさと楽しさはまさに破格だ。'
75,R.シュトラウス： 交響詩《英雄の生涯》作品40,「音楽で何でも描けると豪語した男の自画像」,https://lnk.to/dept_50060,「交響詩（管弦楽で演奏される標題音楽）」の世界に数多くの名作を遺したR.シュトラウスによる最後の「交響詩」がこれだ。ここで描かれる「英雄」とはシュトラウス自身。自らの人生を音楽として描けるのは「音楽で何でも表現できる」と豪語していたシュトラウスならでは。ベートーヴェンを意識したように、“楽聖”の交響曲第３番《英雄》と同じ「変ホ長調」で書かれたこの作品は、シュトラウスの管弦楽技法の頂点を極める華やかさだ。
76,シベリウス：交響詩《フィンランディア》作品26,「フィンランドの独立運動を象徴した名曲」,https://lnk.to/dept_50061,'フィンランドの国民的な作曲家としてその名を知られるシベリウスは、20世紀を代表する“交響曲作曲家”として活躍。1899年に作曲された代表曲《フィンランディア》は、当時のロシアに対する独立運動の象徴となった作品で、北欧の雄大な自然をイメージさせる音楽が世界中で愛される人気曲だ。「フィンランドは目覚める」という当初の曲名は、フィンランドへの愛国心を巻き起こすとして、帝政ロシア政府が禁止したという伝説の作品でもある。'
77,ストラヴィンスキー：バレエ《火の鳥》,「ストラヴィンスキーの名を世に知らしめた傑作」,https://lnk.to/dept_50062,「ロシア・バレエ団」の主宰者ディアギレフからの依頼によって作曲された「3大バレエ」の冒頭を飾る《火の鳥》は、1910年にパリ・オペラ座で初演され大成功。この後に続く《ペトルーシュカ》＆《春の祭典》によって若きストラヴィンスキーは時代の寵児へと上り詰めたのだ。壮大な音楽は、ディズニー映画『ファンタジア2000』の中にも登場する。灰の中から復活した火の鳥が、美しいアニメーションの中で躍動するシーンは何度観ても感動的だ。
78,ブラームス：ハイドンの主題による変奏曲 作品56a,「先達のメロディを生かした9つの素敵な変奏」,https://lnk.to/dept_50063,'有名な作曲家の名旋律をもとにした変奏曲の作曲は、ベートーヴェンやショパンにリストなど、名だたる作曲家たちが行っている。ハイドンの主題をもとにしたブラームス作品もその一つ。原曲は《管楽器のためのディヴェルティメント》というあまりメジャーではない作品ながら、ブラームスの手腕によって大変身。9曲の変奏曲は、そのそれぞれが独立した音楽として成り立つほどの完成度を誇っているのが素晴らしい。2台ピアノ用の編曲もあり。'
79,メンデルスゾーン：劇付随音楽《真夏の夜の夢》,「世界中の新婚夫婦を祝福する名曲がこの中に」,https://lnk.to/dept_50064,'シェイクスピアの戯曲『真夏の夜の夢』は、夏至の時期の真夏の夜に行われる「聖ヨハネ祭」の前夜には幻想的な怪奇現象が起こるという言い伝えをもとにした喜劇だ。早熟の天才メンデルスゾーンは、17歳の時にこの戯曲に霊感を受けて「序曲」を作曲。その17年後に残りの部分を作曲すると言う離れ業を演じている。あまりにも有名な〈結婚行進曲〉を含むファンタジーに満ちたこの作品は、メンデルスゾーンの代表作として愛されている。'
80,ラヴェル：バレエ《ダフニスとクロエ》,「稀代の名プロデューサー、ディアギレフの遺産」,https://lnk.to/dept_50065,「ロシア・バレエ団」の主宰者ディアギレフからの依頼によって作曲されたこの曲についてラヴェルは「私が目指したのは古代趣味ではなく私の想像の中にあるギリシャ。それをもとに巨大な音楽の壁画を作り上げることだった」と語っている。古代ギリシャの物語を題材としたこのバレエ作品は、初演から100年後の現在も、世界中のバレエ団にとって重要なレパートリーとなっているのだから素晴らしい。それにしても素晴らしきはディアギレフの慧眼！
81,グリーグ：《ペール・ギュント》～朝の気分,「朝をイメージしたクラシックの代表作がこれ」,https://www.universal-music.co.jp/herbert-von-karajan/products/uccs-50138,'グリーグと同郷のノルウェーの劇作家イプセンの委嘱を受けて作曲された劇音楽《ペール・ギュント》は、26のバラエティに富んだ小曲からなる名作だ。その音楽を作曲者グリーグ自身が管弦楽用に編曲した２つの組曲は、グリーグの代表作としてコンサートでも頻繁に演奏される人気プログラムだ。中でも名高い〈朝の気分〉の清々しさはまさに北欧の作曲家グリーグならでは。澄み切った空気の中で迎える気持ちの良い朝の雰囲気が美しい。'
82,ドビュッシー：牧神の午後への前奏曲,「“現代音楽の目覚め”と讃えられる記念碑的舞曲」,https://www.universal-music.co.jp/charles-dutoit/products/uccs-50139,'印象主義を代表するドビュッシーの名を世に知らしめた記念碑的なこの曲は、敬愛するフランスの詩人マラルメの『半獣神の午後』に感銘を受けて書かれた名作で、牧神が奏でるパンの笛の美しいメロディをフルートが印象的に響かせる名曲だ。初演は1894年12月22日にパリでおこなわれている。この作品の重要さについて20世紀を代表するフランスの作曲家ピエール・ブーレーズは、「現代音楽の目覚め」と讃えていることも印象的だ。'
83,ラヴェル：亡き王女のためのパヴァーヌ,「スペインのマルガリータ王女に触発された名旋律」,https://www.universal-music.co.jp/herbert-von-karajan/products/uccs-50140,'ピアノ曲として誕生した名作《亡き王女のためのパヴァーヌ》は、ベラスケス工房『マルガリータ王女』の絵に触発されて作曲された名曲だ。完成から11年後に作曲者自身の手によってオーケストラ用に編曲。“オーケストラの魔術師“と謳われたラヴェルの手腕は素晴らしく、弦楽器のアンサンブルに支えられたホルンが美しいメロディを響かせる。ピアノ版の初演は1902年、当時最高の名手と謳われたリカルド・ビニェスのピアノによって行われた。'
84,チャイコフスキー：バレエ《白鳥の湖》作品20～情景,「バレエ音楽を象徴する圧倒的な名旋律」,https://www.universal-music.co.jp/valery-gergiev/products/uccs-50141,'《眠れる森の美女》《くるみ割り人形》と並ぶチャイコフスキーの“3大バレエ”の中でもひときわ名高い《白鳥の湖》は、悪魔によって白鳥の姿にされてしまったオデット姫と、ジークフリート王子との出会いと愛を描いた不朽の名作だ。今も世界中の劇場で上演され続けられるこの作品の中でも特に有名な〈情景〉の美しさは抜群。ナタリー・ポートマンが演じた2010年のアメリカ映画『ブラック・スワン』の中でも印象的に使われている名旋律だ。'
85,ヘンデル：組曲《水上の音楽》～アラ・ホーンパイプ,「英国王のテムズ川遊覧を彩るBGM」,https://www.universal-music.co.jp/rafael-kubelik/products/uccs-50142,'ドイツからイギリスへ帰化した作曲家ヘンデルの代表作として知られるこの曲は、イギリス国王ジョージ1世が、1717年の夏にロンドンを流れるテムズ川で舟遊びをする際のBGMとして作曲された音楽だ。船に50人もの楽師を載せた演奏を喜んだ国王は、テムズ川を往復する間に２度繰り返させたほか、水遊びのあとの晩餐会でも演奏させた記録が残っている。名高い〈アラ・ホーンパイプ〉は、17世紀後半にイギリスで流行した舞曲の名称。'
86,エルガー：エニグマ変奏曲 作品36,「エルガーが音楽で描いた友人たちの肖像画」,https://www.universal-music.co.jp/sir-georg-solti/products/uccs-50143,'1857年生まれのイギリスの作曲家エルガーの名を一躍有名にした作品が、1899年に初演された管弦楽のための《エニグマ変奏曲》だ。主題と14の変奏からなるこの作品は、14の変奏それぞれに、エルガーの親しい友人たちである献呈者のイニシャル等が添えられていることも人々の興味を煽ったと言われている。なかでも弦楽合奏で奏でられる第9変奏〈ニムロッド〉の美しさはこの作品の白眉と言えそうだ。作曲者自身によるピアノ独創版も存在する。'
87,エルガー：行進曲《威風堂々》 作品39 第1番,「イギリス第二の国歌として愛される超人気曲」,https://www.universal-music.co.jp/andre-previn/products/uccs-50144,'20世紀初頭のイギリスを舞台に活躍したエルガーの代表作である行進曲《威風堂々》のタイトルは、シェイクスピアの『オセロ』第３幕第３場におけるオセロのセリフによるものとされている。英国王エドワード7世の提案によって中間部に歌詞が付けられ、「希望と栄光の国」という名で歌われるようになったこの曲は、“イギリス第二の国歌”として愛されている。ロンドンの夏の風物詩「BBC Proms」ラスト・ナイトの大合唱でもお馴染みの名曲だ。'
88,プロコフィエフ：バレエ《ロメオとジュリエット》～騎士たちの踊り,「不協和音が恐怖を煽る近代バレエの傑作」,https://www.universal-music.co.jp/valery-gergiev/products/uccs-50145,'冒頭の不気味な不協和音に続く重量感に満ちたダンス・シーンがとても印象的なこの曲は、契約の問題等で依頼されたバレエの初演が先送りされたために、業を煮やしたプロコフィエフが一足先に発表した管弦楽組曲の中の〈モンタギュー家とキュピレット家〉としても有名。今やコンサートの人気プログラムになっているのだから興味深い。さらには作曲者自身のピアノ独奏版も存在するあたりが、才能豊かで抜け目ないプロコフィエフならでは。'
89,ベートーヴェン：《エグモント》作品84 -序曲,「敬愛するゲーテへのベートーヴェンの熱き思い」,https://www.universal-music.co.jp/leonard-bernstein/products/uccs-50147,'スペインの圧政から逃れて独立しようとする16世紀のオランダを背景に、独立運動の指導者エグモント伯ラモラールの悲劇を描いたゲーテの戯曲『エグモント』。この作品をウィーンで上演する音楽を依頼されたベートーヴェンは、敬愛する同時代の詩人ゲーテ作品の為に序曲を含めた10曲の劇音楽を作曲。ここに文豪と楽聖の豪華な競作が誕生したのだ。ドラマティックな物語を象徴する序曲は、コンサートでも単独で演奏されることの多い名曲だ。'
90,ヨハン・シュトラウスⅡ世：ワルツ 《美しく青きドナウ》 作品314,「オーストリア第二の国歌はニューイヤーの定番」,https://www.universal-music.co.jp/herbert-von-karajan/products/uccs-50148,'ウィンナ・ワルツやポルカなどを数多く手掛け、“ワルツ王”と呼ばれるヨハン・シュトラウスⅡ世の中でも、ひときわ名高い作品が《美しく青きドナウ》だ。ドイツ南西部の森林地帯に端を発し、ヨーロッパ10ヵ国をゆったりと流れて黒海に至るドナウ川。その美しい姿が目に浮かぶようなこのワルツは、オーストリアでは“第二の国歌”と呼ばれて愛されている。毎年ウィーンで行われる「ウィーン・フィルのニューイヤー・コンサート」の定番曲としても有名。'
91,モーツァルト：歌劇《魔笛》K.620,「モーツァルト最後のオペラはファンタジー」,https://lnk.to/dept_50073,'モーツァルトが、35年の短い生涯の最後に完成させたオペラが《魔笛》だ。その内容は、人間の愛や希望＆信頼といったキーワードをテーマにした、“鳥刺しパパゲーノの冒険物語”といった趣のファンタジー。このドタバタ喜劇を包み込むように奏でられるメロディやアリアの美しさこそが、オペラ・ファンから初心者までが楽しめる由来だろう。強烈な印象の名曲〈夜の女王のアリア〉は、宇宙探査機ボイジャーに搭載されて今も宇宙空間を飛行中だ。'
92,フランク：ヴァイオリン・ソナタ イ長調,「遅咲きのフランクが遺した唯一にして最高の傑作」,https://lnk.to/dept_50066,'64歳のフランクが遺した唯一のヴァイオリン・ソナタは、全てのヴァイオリン・ソナタの中で最も人気の高い作品の一つだ。当時のフランスでは軽めのサロン音楽が人気を集めていたせいで、ドイツ古典音楽的ながっちりとした構成にフランス伝統の柔らかな感性を加えたフランクの音楽が認められるのにはかなりの時間を要したようだ。作品は大ヴァイオリニスト、イザイの結婚記念日に献呈され、1886年にイザイ夫妻によって初演されている。'
93,ビゼー：歌劇《カルメン》,「初心者も楽しめること間違い無しの超娯楽大作」,https://lnk.to/dept_50074,'古今東西のオペラの中で最高の人気を誇る作品《カルメン》は、ビゼー最後のオペラにして最大の傑作だ。主人公は、スペイン・セビリアのタバコ工場で働くロマの娘カルメン。既存の高尚なオペラとは全く違うエキゾティックな内容が聴衆に受け入れられるまでには時間がかかり、ビゼーは成功を見ずにこの世を去ってしまったことが惜しまれる。オペラの名旋律を抜き出した「管弦楽組曲」もさまざまなヴァージョンが存在し、その人気は高まるばかりだ。'
94,シューベルト：ピアノ五重奏曲 イ長調 作品114 D667《ます》,「思わずメロディを口ずさみたくなる程の美しさ」,https://lnk.to/dept_50067,'第4楽章に自作の歌曲〈ます〉のメロディが流れることから「ピアノ五重奏曲《ます》」と呼ばれるようになったこの美しい室内楽は、22歳のシューベルトによる唯一のピアノ五重奏だ。その特徴はピアノ、ヴァイオリン、ヴィオラ、チェロに、室内楽では珍しいコントラバスを加えたこと。友人の歌手フォーグルと、北オーストリアへの演奏旅行の際に知り合った鉱山業者パウムガルトナーからの依頼によって作曲された若きシューベルトの代表作だ。'
95,モーツァルト：レクイエム ニ短調 K.626,「“3大レクイエム”の筆頭に位置する感動作」,https://lnk.to/dept_50082,'モーツァルトの死によって未完となったこの作品にはさまざまな憶測や伝説がつきまとう。音楽愛好家シュトゥバッハ伯爵からの名前を隠した作曲依頼を自らの天命と受け止めたモーツァルトの葛藤や、未完の作品を完成させた弟子のジュスマイヤーにまつわるミステリアスな逸話も含め、作品への注目度は高まるばかり。それもこれもモーツァルト作品中一、二を争う人気曲ゆえの宿命か。「宗教曲」というジャンルに抵抗のある方にもぜひ聴いてほしい。'
96,J.S.バッハ：マタイ受難曲 BWV244,「イエス・キリスト最後の7日間を音楽で辿る」,https://lnk.to/dept_5008,'ヨーロッパでは、復活祭前の金曜日である聖金曜日（イエス・キリストの受難と死を記念する日）に、バッハの名作《マタイ受難曲》を演奏する習慣がある。作品の内容は、新約聖書の「マタイ伝」に基づいたイエス・キリスト最後の7日間を描いた劇的な音楽だ。バッハのすべてが込められたとでも言うべきこの作品の価値は永遠不滅。無人島に1曲だけ持っていくなら絶対にお勧めしたいこの作品は、宗教の有無を超えたところに存在する。'
97,モーツァルト：クラリネット五重奏曲 イ長調 K.581,「名手シュタードラーに捧げられた“白鳥の歌”」,https://lnk.to/dept_50068,'名高い「クラリネット協奏曲」同様、同時代のクラリネットの名手アントン・シュタードラーの腕前に触発されたモーツァルトが、彼のために書き上げたこの曲の別名は「シュターラドー五重奏曲」。当時はまだ発展途上の楽器であったクラリネットの可能性を追求し、その性能が大幅に上がるきっかけにもなったこの作品の美しさと儚さは格別だ。作曲当時のモーツァルトに残された時間は約2年余。まさに「白鳥の歌」と呼べるような名曲だ。'
98,モーツァルト : 歌劇《フィガロの結婚》K.492,「美しいメロディが散りばめられたドタバタ喜劇」,https://lnk.to/dept_50075,'ボーマルシェの戯曲『たわけた一日、あるいはフィガロの結婚』をもとに劇作家ダ・ポンテが台本を書いたこのオペラの内容は、伯爵家の召使フィガロと小間使スザンナの結婚を軸に、セクハラな伯爵を使用人たちが手を組んで懲らしめるというドタバタ喜劇。名曲のオンパレードの中でも特に印象的なアリアが、映画『ショーシャンクの空に』の中で使われた第3幕の二重唱〈そよ風に寄せて〉だ。音楽に聞き入る囚人たちの姿がその魅力を物語る。'
99,ワーグナー：楽劇《ニーベルングの指環》,「ワーグナー偶像を確立した史上空前の大作」,https://lnk.to/dept_50076,'完成までに26年の歲月を費やし、上演に４夜15時間を要する空前の大作《ニーベルングの指環》は、古代北欧神話やドイツ英雄伝説にギリシャ悲劇などを下地にした《ラインの黄金》《ワルキューレ》《ジークフリート》《神々の黄昏》の4つの楽劇からなる壮大な神々の物語だ。魔法の指環に封じ込められた呪いをもとに展開される神々の争いからは、今の時代にも通じる危うさが感じられ、初演の地バイロイトは、今もワーグナーの聖地として崇められる。'
100,プッチーニ：歌劇《トゥーランドット》,「名曲〈誰も寝てはならぬ〉を含む壮大なオペラ」,https://lnk.to/dept_50077,'名高いトゥーランドット姫の物語を描いたプッチーニ最後のこのオペラは、作曲者の死によって未完に終わる。その後アルファーノの追補によって完成されたこの作品は、名指揮者トスカニーニによって初演され、今に至る人気オペラとなった。中国を舞台にした壮大な作品の中でも特に有名なアリア〈誰も寝てはならぬ〉は、2006年のトリノ・オリンピックで金メダルを獲得したフィギュアスケートの荒川静香選手の使用曲として一躍有名になった名曲だ。'
101,シューマン：ピアノ五重奏曲 変ホ長調 作品44,「“室内楽の年”を象徴する傑作ピアノ五重奏曲」,https://lnk.to/dept_50069,'シューマンの「室内楽の年」と呼ばれる1842年は、「弦楽四重奏曲」3曲のほか、この「ピアノ五重奏曲」を手掛ける充実ぶりだ。弦楽四重奏（2本のヴァイオリンとヴィオラ、チェロ）にピアノを加えるという楽器編成は当時の流行であり、シューマンもこれをいち早く取り入れた格好だ。初演は1843年1月8日。ライプツィヒにおいて愛妻クララのピアノと弦楽四重奏団によって行われ、室内楽ジャンルにシューマンの名が鳴り響く結果となった。'
102,ドヴォルザーク：弦楽四重奏曲 第12番 ヘ長調 作品96《アメリカ》,「名作の宝庫“アメリカ時代”を象徴する名旋律」,https://lnk.to/dept_50070,'ニューヨークのナショナル音楽院院長を務めていたアメリカでの約４年間（1892-95）は、交響曲第9番《新世界より》を筆頭に、ドヴォルザークの名作の宝庫だ。黒人民謡や霊歌、あるいはアメリカ原住民の音楽や語法が、祖国チェコへのノスタルジーと重なり合った音楽は、聴くものの琴線に触れる力を持っている。この作品に付けられた《アメリカ》という副題は、自筆譜の表紙に書かれた「アメリカでの第2作…」からきたものだ。'
103,プッチーニ：歌劇《ボエーム》,「クリスマス・イヴの屋根裏部屋で芽生えた恋🎄」,https://lnk.to/dept_50078,'《蝶々夫人》《トスカ》と並ぶ、プッチーニの3名作の一つ《ボエーム》は、パリのラテン地区に住む芸術家を夢見る貧しい若者たちとお針子の日常生活を描いたアンリ・ミュルジェールの原作に基づく麗しい作品だ。貧しくも美しい人間模様は、若きプッチーニの思い出にも重なっている。ニューヨークのMET（メトロポリタン歌劇場）が舞台となった1987年の映画『月の輝く夜に』では、このオペラが全編に渡って使われている。'
104,フォーレ：レクイエム 作品48,「限りない美しさに心打たれる瞬間を体験」,https://lnk.to/dept_50084,'モーツァルト＆ヴェルディのレクイエムと共に「3大レクイエム」の一つに数えられるこの作品が出版されたのは1901年。まさに世紀の変わり目に生まれた美しい作品だ。作曲者のフォーレは、カトリック教会のオルガニストを長く務め、その作品の多くが、宗教的な作品だ。最大の成功作と言われる《レクイエム》についてフォーレは「特定の人物や事柄を意識して書いたものではない」と語っている。まさに純粋な美しさのみが心に残る名作だ。'
105,ベートーヴェン：ヴァイオリン・ソナタ  第9番 イ長調 作品47《クロイツェル》,「トルストイの名作『クロイツェル・ソナタ』の原点」,https://lnk.to/dept_50071,'1803年に完成されたこの曲は、ベートーヴェンが遺した10曲のヴァイオリン・ソナタの中でも最高傑作の誉れ高い名作だ。この作品が生まれる背景には黒人の父とポーランド人の母を持つヴァイオリンの名手ブリッジタワーが存在する。しかし初演の後に2人の関係は悪化。なんとヴェルサイユ生まれのヴァイオリニスト、クロイツェルに献呈されたことからこの名作の通称は《クロイツェル》となった。人間関係の難しさは今も昔も変わらない。'
106,ベートーヴェン：ピアノ三重奏曲 第7番 変ロ長調 作品97《大公》,「ハルキスト必聴！“海辺のカフカ”のテーマ曲」,https://lnk.to/dept_50072,'ベートーヴェンの室内楽を象徴するようなこの作品の完成は1811年。ベートーヴェン41歳の年だ。ベートーヴェンの支援者として年金を送り続けたルドルフ大公に献呈されたことから《大公》と呼ばれるようになったこのピアノ・トリオは、その名に相応しい優雅さと堂々とした気品を持つ傑作だ。そしてこの室内楽作品の人気を高めたのが、村上春樹の小説『海辺のカフカ』だ。《大公》トリオをテーマ曲のように登場させた村上春樹のセンスに拍手喝采。'
107,ヴェルディ：歌劇《アイーダ》,「サッカー・ファンなら絶対に聴くべき名作オペラ⚽」,https://lnk.to/dept_50079,'一般の人々がオペラに思い描く絢爛豪華なイメージを全て実現した作品が《アイーダ》だ。ファラオの時代のエジプトを舞台にしたこの作品には、荘厳な音楽に象や馬まで登場する凱旋の行進などなど、見どころ聴きどころが満載。サッカーとの縁も深く、イタリアの「パルマFC」が勇壮な〈凱旋行進曲〉を応援に使っている他、設立当初はイタリアの偉人ヴェルディに因み「ヴェルディ・フットボール・クラブ」を名乗っていたことも有名だ。'
108,ヴェルディ：歌劇《椿姫》,「高級娼婦ヴィオレッタの純愛に涙する」,https://lnk.to/dept_50080,'パリの社交界でその名を知られた実在の高級娼婦マリー・デュプレシを主人公にしたこのオペラは、ビゼーの《カルメン》と並ぶオペラ史上屈指の人気作だ。原題は「道を踏み外した女」と言う意味の「ラ・トラヴィアータ」。主人公ヴィオレッタとその恋人アルフレードと彼の父ジェルモンの3人を軸に展開されるシンプルな物語は、そこらのドラマなど足元にも及ばない程の素晴らしさだ。まさに涙なしでは見られない傑作オペラがここにある。'
109,ワーグナー：楽劇《トリスタンとイゾルデ》,「濃密でエロティックな音楽がお好きな方へ」,https://lnk.to/dept_50081,'ワーグナーが遺したオペラ（楽劇）の中でも最もロマンティックな作品がこれだ。中世ヨーロッパで広く知られる「トリスタン伝説」を題材としたオペラの内容は、コーンウォールの騎士トリスタンと、アイルランドの王女イゾルデの濃密な恋愛物語。敵対する2人が媚薬によって愛に溺れ、死に至るまでを描いた音楽は、まさにエロティックの極みだ。その長さにたじろいだ方は、エッセンスが込められた〈前奏曲〉と〈愛の死〉だけでも聴いてほしい。'
110,ヴェルディ：レクイエム,「オペラ作曲家ならではの劇的なレクイエム」,https://lnk.to/dept_50085,'敬愛するイタリアの文豪アレッサンドロ・マンゾーニの死を悼んで作曲されたこの作品は、マンゾーニの一周忌にあたる1874年5月22日に、ミラノのサン・マルコ教会で初演された。当時のイタリアを代表する歌手たちを集めた演奏は、その後3回に亘ってミラノ・スカラ座で上演され、大成功を収めたと伝えられる。その反面、「あまりにもオペラ的で華美すぎる」という否定的な声も聞こえたが、今やクラシック史上屈指の名曲に他ならない。'
111,シューベルト：弦楽四重奏曲 第14番 ニ短調 D810《死と乙女》,「亡くなる4年前に描き出した自信作」,https://www.universal-music.co.jp/hagen-quartett/products/uccs-50149,'1824年に作曲されたこの曲は、第2楽章が自身の歌曲〈死と乙女〉のメロディを引用していることから同名で呼ばれるようになった傑作だ。冒頭がベートーヴェンの交響曲第5番《運命》にも通じるような激しい3連符で彩られるこの作品に自信をもっていたシューベルトは、楽譜を出版するためにいくつもの出版社と交渉したにもかかわらず、結局話はまとまらず。彼の生存中には出版されることがなかったという、悲しい史実に胸を打たれる。'
112,ベートーヴェン：弦楽四重奏曲 第15番 イ短調 作品132,「最晩年の楽聖が到達した無双の高み」,https://www.universal-music.co.jp/hagen-quartett/products/uccs-50150,'ピアノ・ソナタ全32曲、交響曲全9曲を書き終えた最晩年のベートーヴェンが向かったさらなる高みが5曲の弦楽四重奏曲だ。そこには、美しさと共に時代を切り開く新時代の音楽要素がふんだんに込められていたことは見逃せない。中でも第15番は、「病が癒えた者による聖なる神への感謝の歌」と題された美しく崇高な第3楽章を持つ最高傑作の誉れ高い名作だ。初演は1825年11月。ベートーヴェンの死は約1年半後に迫っていた。'
113,ブラームス：クラリネット五重奏曲 ロ短調 作品115,「ブラームス枯淡の境地が心に沁みる名旋律」,https://www.universal-music.co.jp/p/uccs-50151/,'モーツァルトの傍にシュタードラーがいたように、ブラームスには、マイニンゲン宮廷管弦楽団の首席クラリネット奏者ミュールフェルトが存在した。その素晴らしい腕前によって「楽団のナイチンゲール」と讚えられたミュールフェルトは、作曲活動からの引退を考えていた当時60歳のブラームスの心を触発し、一連のクラリネット作品を生み出すきっかけとなったのだから素晴らしい。五重奏曲はブラームス晩年の成熟した響きが心に染みる名曲だ。'
114,ベートーヴェン：ヴァイオリン・ソナタ 第5番 ヘ長調 作品24《春》,「明るさと幸福感に満ち溢れた名旋律」,https://www.universal-music.co.jp/augustin-dumay/products/uccs-50152,'ベートーヴェンが遺したヴァイオリン・ソナタ全10曲の中で、名称の付いた作品は、第5番《春》と第9番《クロイツェル》のみ。この2曲の人気は飛びぬけている。《春》はベートーヴェン自身の命名ではないが、比較的暗めの曲が多いベートーヴェン作品の中で際立った明るさと幸福感に満ち溢れたこの曲が「春のソナタ」と呼ばれるようになったのは自然の成り行き。ベートーヴェンによる極めつけに美しいメロディが楽しめる名曲だ。'
115,R.シュトラウス：楽劇《ばらの騎士》 ～三重唱,「遺言によって自身の葬儀でも演奏された名旋律」,https://www.universal-music.co.jp/herbert-von-karajan/products/uccs-50153,'ドイツ後期ロマン主義を代表するシュトラウスのオペラ《ばらの騎士》は、詩人ホーフマンスタールとの共同作業第２作目にあたり、シュトラウスの地位を不動のものとした記念碑的な作品だ。モーツァルト風のオペラを目指したその舞台はマリア・テレジア治世下のウィーン。全編が優雅な音楽に彩られた中でも第３幕の三重唱と二重唱の美しさはまさに格別。シュトラウス自身も愛着を寄せ、遺言によって自身の葬儀でも三重唱が演奏されている。'
116,モーツァルト：歌劇《ドン・ジョヴァンニ》K.527～お手をどうぞ,「オペラは恋の教科書という言葉が頭をよぎる」,https://www.universal-music.co.jp/herbert-von-karajan/products/uccs-50154,'ダ・ポンテの台本に基づいた大ヒット作《フィガロの結婚》に続いてモーツァルトが手掛けた傑作オペラ《ドン・ジョヴァンニ》は、稀代の色事師ドン・ジョヴァンニの悪行とその悲劇的な最期を描いた傑作だ。全編に散りばめられた音楽の素晴らしさはモーツァルトならでは。中でもドン・ジョヴァンニと村娘ツェルリーナの恋の駆け引きを描いたデュエット〈お手をどうぞ〉は、甘い囁きに次第に心奪われる可憐な乙女の姿もいじらしい夢見るような音楽だ。'
117,J.S.バッハ：ミサ曲 ロ短調 BWV232,「バッハのすべてが注がれた後世へのギフト」,https://www.universal-music.co.jp/karl-richter/products/uccs-50155,'200曲にも及ぶ「教会カンタータ」や、《マタイ＆ヨハネ受難曲》等、バッハが遺した偉大な宗教作品のすべてが注ぎ込まれた作品と呼ばれる名作が《ミサ曲ロ短調》だ。プロテスタントやカトリックの垣根を超えて生み出されたこの大作が完成したのは、バッハの死の前年に当たる1749年。バッハ64歳の年だった。平和への祈りが高らかに歌い上げられるフィナーレは、まさに後世を生きる我々に贈られた素晴らしいギフトのような趣だ。'
118,シューベルト：歌曲集《冬の旅》D911(作品89) ～菩提樹,「死を意識しつつ旅を続ける若者の姿に涙する」,https://www.universal-music.co.jp/dietrich-fischer-dieskau/products/uccs-50157,'ヴィルヘルム・ミュラーの詩につけられた傑作歌曲集《冬の旅》。中でも〈菩提樹〉は日本の愛唱歌としても有名だ。病に侵されたシューベルトが最後の力を振り絞って完成させたこの曲集の出版は死の１ヵ月後。作品の中に描かれた若者の姿はわずか31歳で亡くなったシューベルト自身を思わせる。20世紀を代表する歌手フィッシャー=ディースカウの「作品がもたらす厳しく凍りつくような印象を恐れてはいけない」という言葉が心に沁みる名作だ。'
119,ベートーヴェン：ミサ・ソレムニス ニ長調 作品123,「ベートーヴェンが考える真の教会音楽の姿」,https://www.universal-music.co.jp/sir-georg-solti/products/uccs-50158,'日本語では「荘厳ミサ曲」と訳されるこの作品は、その名の通りJ.S.バッハの《ロ短調ミサ曲》と並んで、古今東西のミサ曲中最も偉大な作品に違いない。ベートーヴェン自身もこの作品に強い自信を持っていたことは、出版に先立ってヨーロッパ諸侯に勧誘状を送っていることからも推察できる。生涯の大恩人ルドルフ大公に献呈されたこの曲は、教会の伝統に位置づけられた作品とは一線を画したベートーヴェンならではの宗教音楽であることに注目したい。'
120,オルフ：世俗的歌曲《カルミナ･ブラーナ》～おお、運命の女神よ,「一度聴いたら耳について離れない大迫力」,https://www.universal-music.co.jp/eugen-jochum/products/uccs-50159,'オルフの名を一躍有名にしたこの曲は、舞台形式によるカンタータ《トリオンフィ（勝利）》三部作の第１部に置かれた名曲だ。第１曲〈運命の女神よ、世界の王妃よ〉のインパクトは絶大で、1981年の映画『エクスカリバー』に使われたほか、ドキュメンタリー映像などのBGMでも頻繁に使われる人気曲だ。1937年にフランクフルト歌劇場で行われた初演でもオーケストラを背景にした大合唱の強烈な音圧によって集まった聴衆の度肝を抜いたに違いない。'
121,ベートーヴェン：交響曲 第9番 ニ短調 作品125《合唱》,「クラシック史上最大のヒット曲は年末の風物」」,https://lnk.to/dept_50087,'ドイツの文豪シラーの頌歌「歓喜に寄す」を題材に、ベートーヴェンが書きあげた９番目にして最後の交響曲は、「第九」として親しまれるクラシック史上最大のヒット曲の一つだ。オーケストラと一体になった人間の声の力、合唱の魅力が、最高の形で表現されたこの作品は、日本においては“年末の風物詩”という位置づけで集中的に演奏される特別な曲。その背景には、戦後の貧しい時代に、オーケストラの年越し費用稼ぎがきっかけだったとの逸話あり。'
122,ブラームス：交響曲 第4番 ホ短調 作品98,「枯淡の境地をしぶ～く描いた最後の傑作交響曲」,https://lnk.to/dept_50088,'ドイツ・ロマン派を代表する作曲家ブラームスが52歳で作曲した最後の交響曲は、まさに完成させた4曲の交響曲の集大成といった趣がある。内面の孤独や人生の中で親しんできた音楽や心の安住を見出してきた古い音楽の語法などを駆使した作風を貫くものは「憂愁」。噛めば噛むほど味が出る音楽とは、この手の作品を言うのだろう。初演は1885年10月25日。マイニンゲン領主公の宮廷劇場でブラームス自身の指揮によって行われた。'
123,ベートーヴェン：交響曲 第7番 イ長調 作品92,「映像作品との相性抜群の優雅なメロディ」,https://lnk.to/dept_50089,'優雅な第2楽章のメロディが、2009年の映画『ノウイング』や2010年の映画『英国王のスピーチ』などに使われたこの曲は、個性的な「リズム」が印象的なベートーヴェンの傑作だ。リストは「リズムの神化」、ワーグナーは「舞踏の聖化」と讃えた一方、クララ・シューマンの父ヴィークは、「ベートーヴェンが酔っ払った時に作曲したのではないだろうか」と語っていることからも、時代を超越した斬新な音楽であったことが想像できる。'
124,ドヴォルザーク：交響曲 第9番 ホ短調 作品95《新世界より》,「“鉄道オタク”ならではの発車シーンに注目！」,https://lnk.to/dept_50090,「３大交響曲」の一つに数えられる人気曲、交響曲第９番《新世界より》は、「ニューヨーク・ナショナル音楽院」院長就任要請を受けたドヴォルザークが、アメリカ滞在中に生み出した名曲だ。日本では〈家路〉の名で親しまれている哀愁に満ちたな第２楽章が人気だが、鉄道オタクとして有名なドヴォルザークが新大陸を走る機関車の発車シーンを描いたと言われる第4楽章冒頭の重厚なメロディにも注目したい。鉄道好きもここまで来ると本物だ。
125,チャイコフスキー：交響曲 第6番 ロ短調 作品74《悲愴》,「作曲者の運命を予告したかのような絶望感」,https://lnk.to/dept_50091,'交響曲第４番＆第５番の成功によって名声を勝ち得たチャイコフスキーが「創作の最後を飾るような雄大な交響曲を作りたい」という想いのもとに書き上げられたこの曲は、初演後に弟モデストの発案によって《悲愴》と命名。その直後にチャイコフスキーが急死するという数奇な運命のもとに生まれた名曲だ。一般的な交響曲ならば華やかさの中で終わる終曲が、極めて重く、絶望感を思わせる響きの中に消えていくあたりも《悲愴》ならでは。'
126,ベートーヴェン：交響曲 第3番 変ホ長調 作品55《英雄》,「ベートーヴェンからナポレオンへの絶縁状」,https://lnk.to/dept_50092,'この作品について弟子のシントラーは「ナポレオンに献呈しようとした矢先にナポレオンが皇帝になったとの知らせが届き、怒ったベートーヴェンは表紙を破り、楽譜を床に叩きつけた」と伝えている。同じく弟子のリースも「あの男も要するに俗人であった…」と大声で叫んだと記していることからも、“楽聖”の怒りは相当だったようだ。後に《英雄》と呼ばれるようになったこの作品は、その力強さと規模の大きさによって時代を超越している。'
127,ベートーヴェン：交響曲 第5番 ハ短調 作品67《運命》,「贅肉を削ぎ落とした全身ムキムキの超名曲」,https://lnk.to/dept_50093,'クラシック史上最も有名な作品の一つ《運命》。名前の由来は、第1楽章冒頭の印象的なメロディについて、「運命はこのように扉を叩くのだ」とベートーヴェンが語ったという弟子のシントラーの言い伝えが発信源。小学校の音楽室に飾られていた厳しい肖像画ともあいまって、「じゃじゃじゃ・じゃ～ん」というメロディは一度聴いたら耳について離れないほど強烈無比。有名な第１楽章だけでなく、終わりそうで終わらないエンディングも必聴！'
128,ブラームス：交響曲 第1番 ハ短調 作品68,「着想から完成までに20年を要した傑作」,https://lnk.to/dept_50094,'偉大なるベートーヴェンの後継者を自認していたブラームスが、悩みに悩んで作り上げた「交響曲第１番」は、着想から完成までになんと20年あまりの歳月を要した労作だ。その甲斐あって評価は高く、同時代の高名な指揮者ハンス・フォン・ビューローが「ベートーヴェンの9曲の交響曲に続く“第10番”」とコメントしたことも有名だ。着想時22歳だった若者は43歳となってようやく肩の力が抜けたのか、翌年「第2番」を一気に書き上げる。'
129,マーラー：交響曲 第9番 ニ長調,「“第九の呪い”に挑んだマーラーによる辞世の句」,https://lnk.to/dept_50095,「交響曲第9番を作曲すると死ぬ」というジンクスは、ベートーヴェンが「第九」を作曲した後、第10番を完成できずに亡くなったことに端を発する。この呪いを恐れたマーラーが、《大地の歌》に「9番」の名称を与えなかったことは意味深だ。そして臨んだ「第9番」を完成させたマーラーは、遂に「10番」を完成させずにこの世を去ってしまう。指揮者としての多忙な生活の合間を縫って書き続けた「第9番」はマーラーの祈りにも似ている。
130,モーツァルト：交響曲 第41番 ハ長調 K.551《ジュピター》,「アマデウス最晩年の天国的なメロディがここに」,https://lnk.to/dept_50096,'モーツァルトの死の３年前にあたる1788年に相次いで作曲された「交響曲第40番」と「第41番」の素晴らしさはいったい何を意味するのだろう。同時代の音楽家ヨハン・ペーター・ザロモンが名付けたとされる《ジュピター》の名にこれほどふさわしい作品は他にない。特に最後を飾る第4楽章についてR.シュトラウスは、「私が聴いた音楽の中で最も偉大なもの。終曲のフーガを聴いて私は天国にいるのかと思うほどだ」と語った逸話にも納得だ。'
131,ブルックナー：交響曲 第8番 ハ短調,「メロディよりもハーモニーがお好き？」,https://lnk.to/dept_50097,'ブルックナー作品ほど、好き嫌いがはっきりしている音楽は他にない。熱烈なファンには男性が多いことからコンサート会場は何やら黒っぽく、普段は混み合う女性トイレがスカスカで、男性トイレは大行列という分かりやすさだ。そのブルックナーによる10曲目の交響曲「第8番」は、演奏時間80分を超える大作だ。重厚なハーモニーで構成される音楽は、それ自体がまさに巨大な建造物。壮大な音のシャワーに身を浸す快感をご体験あれ。'
132,ベートーヴェン：交響曲 第6番 ヘ長調 作品68《田園》,「ベートーヴェンが自ら名付けた唯一の交響曲」,https://lnk.to/dept_50098,'ベートーヴェンが遺した9曲の交響曲の中で、自ら「田園交響曲」と名付けた唯一の作品が、交響曲第6番《田園》だ。交響曲第5番《運命》と同時に初演されたこの曲は、1808年の夏、ベートーヴェンがこよなく愛したウィーン郊外の町ハイリゲンシュタットで作曲されている。“自然”を描写した５つの楽章にはすべて表題が付けられ、後に続くベルリオーズやリストが手掛けた「標題音楽」の“さきがけ”となった作品としても高く評価されている。'
133,ベルリオーズ：幻想交響曲 作品14,「自らの失恋体験を音楽に託した支離滅裂の美」,https://lnk.to/dept_50099,'ベルリオーズ自身の失恋体験を音楽によって告白したこの作品は、各楽章ごとに標題が付けられた、いわゆる「標題音楽」を先取りした画期的な作品だ。第1楽章〈夢、情熱〉、第2楽章〈舞踏会〉、第３楽章〈野の風景〉、第４楽章〈断頭台への行進〉、第５楽章〈魔女の夜宴の夢〉といった形で繰り広げられる“テーマと音楽の饗宴”について指揮者・作曲家のレナード・バーンスタインが「史上初のサイケデリックな作品」と評しているのも興味深い。'
134,チャイコフスキー：交響曲 第5番 ホ短調 作品64,「ロシアからモーツァルトへの愛を込めて」,https://lnk.to/dept_50100,'前作「交響曲第4番」の完成後、ロシアを離れて西ヨーロッパで生活していたチャイコフスキーの作風には「西欧派」と呼ばれる特色が出始めてきていた。この生活に区切りをつけ、再びロシアに腰を据えて作曲に専念した成果が「交響曲第5番」に結実している。その内容には、敬愛するモーツァルトへの思いが込められていることにも注目したい。初演は1888年11月17日、ペテルブルクでチャイコフスキー自身の指揮によって行われている。'
135,シューベルト：交響曲 第8番 ロ短調 D759《未完成》,「未完成ゆえの美しさと儚さが心に沁みる」,https://lnk.to/dept_50101,'《運命》《新世界より》と共に「３大交響曲」の一つとして名高い《未完成》が作曲され始めたのは、シューベルト25歳の年である1822年。それがいつ（なぜ）中断されたのかは今も永遠の謎に包まれている。作品の特徴は史上初の抒情詩としての交響曲であること。まさにロマン派の特質である文学や詩との交流を旨とする音楽のはしりだ。現存する2楽章で全てを表現し尽くしたとされるこの作品からは、孤独な詩人シューベルトの面影が垣間見れる。'
136,マーラー：交響曲 第5番 嬰ハ短調,「名高いアダージェットは音楽による愛の告白」,https://lnk.to/dept_50102,'マーラーが遺した「交響曲」の中でもとりわけ人気の高い「第５番」は、愛する妻アルマとの出会いの前に着手され、その翌年結婚した後に完成するという、マーラーにとって極めて実り豊かな時期の作品だ。ハープと弦楽器のみで奏でられる第４楽章〈アダージェット〉の美しさは、1971年の映画『ベニスに死す』のテーマ曲としてもお馴染み。マーラー夫妻と親交のあった指揮者メンゲルベルクは「これはアルマへの音楽による愛の告白だ」という言葉を遺している。'
137,モーツァルト：交響曲 第40番 ト短調 K.550,「悲しみは疾走する、涙は追いつけない…」,https://lnk.to/dept_50103,'モーツァルトが遺した41曲の交響曲のなかで、短調の作品は「第25番」とこの「第40番」の2曲だけ。共にト短調であることも宿命的だ。まさにモーツァルトの悲しみを体現したかのようなあまりにも美しい音楽は、“神が人間の愚かさを思い知らすために地上に送り込んだ”とも言われる“アマデウス（神に選ばれしもの）”の素晴らしさを改めて実感するに相応しい。小林秀雄の記した「モオツァルトのかなしさは疾走する 涙は追いつけない」 が心に沁みる。'
138,ブルックナー：交響曲 第9番 ニ短調,「ブルックナーが到達した崇高な世界に浸る」,https://lnk.to/dept_50104,'ブルックナーが死の直前まで完成を目指しながら叶わなかったこの作品は、完成された第３楽章までの崇高な美しさによって、ブルックナー作品全体の中でも際立つ個性と魅力に包まれている。まさに“晩成の大器”ブルックナーを象徴した音楽だ。未完の「第４楽章補筆完成版」が存在するとともに、自らの死によって未完となることを予知していたブルックナーからの指示という説から、自作の《テ・デウム》を添えるコンサートも存在する。'
139,ラフマニノフ：交響曲 第2番 ホ短調 作品27,「“ロシア人のハート”と称される哀愁のメロディ」,https://lnk.to/dept_50105,「交響曲第１番」の手痛い失敗によって受けた精神的ショックから立ち直り、再び創作活動を開始したラフマニノフ。その結果「ピアノ協奏曲第２番」の成功によって自信を取り戻し、充実期を迎える。その時期に生み出された「交響曲第２番」は、遺された３曲の交響曲の中でも特に親しまれている傑作だ。スラヴ風のはかない美しさに満ちたこの作品の第３楽章は、ラフマニノフの“哀愁の美“が最も強く反映された作品だとも言われている。
140,ショスタコーヴィチ：交響曲 第5番 ニ短調 作品47,「ソ連体制下での危機から作曲者を救った名曲」,https://lnk.to/dept_50106,'ショスタコーヴィチが遺した15の交響曲の中でも、最も人気が高く頻繁に演奏される作品が「交響曲第5番」だ。スターリン体制下のソ連で、オペラ《ムツェンスク郡のマクベス夫人》などが批判され、窮地に陥ったショスタコーヴィチが「逞しい精神力と、闘争から勝利へ」という思想を込めて世に送り出した「交響曲第5番」は、ショスタコーヴィチの危機を救うと共に、その名を全世界に広めるきっかけとなった名作だ。'
141,マーラー：交響曲 第2番 ハ短調《復活》,「クラシック史上屈指の壮大なフィナーレに浸る」,https://www.universal-music.co.jp/zubin-metha/products/uccs-50160,'18世紀ドイツの詩人クロプシュトックの同名の讃歌を題材にもちいたことから《復活》と呼ばれるようになったこの作品の初演は1895年。当時35歳のマーラーはハンブルク市立劇場の人気指揮者として活躍中。指揮と作曲の二刀流はさぞや大変だったろうと推察する。「復活せよ、復活せよ、汝許されるであろう」と歌われる第5楽章フィナーレの壮大さはまさにマーラーならでは。力強い崇高な響きの中で、曲がゆったりと締めくくられる。'
142,サン=サーンス：交響曲 第3番 ハ短調 作品78《オルガン付き》,「才能豊かなサン=サーンスの全部乗せ！」,https://www.universal-music.co.jp/charles-dutoit/products/uccs-50161,'1887年に初演されたこの曲は、フランス近代を代表する作曲家サン=サーンスの自信作。本人が「私の持てる力をすべて注ぎ込んだ」と豪語していたのだから間違いなし。才能あふれるサン=サーンスの「全部乗せ」といった趣の音楽はインパクト抜群。初演は大成功を収め、“フランスのベートーヴェン”と評される。なによりオーケストラとオルガンの壮麗な響きの洪水にお腹いっぱい感満載だ。作品は初演直後に亡くなった友人リストに献呈されている。'
143,シューベルト：交響曲 第9番 ハ長調 D944 《ザ・グレート》,「作曲家たちの連帯によって世に出た大作」,https://www.universal-music.co.jp/karl-bohm/products/uccs-50162,'シューベルトの死後10年あまり後の1839年、彼の兄を訪問したシューマンが遺品の中から自筆譜を発見。これをライプツィヒで活躍中のメンデルスゾーンに託して初演された作品が、シューベルト随一の大作「交響曲第9番」だ。まさに作曲家同士のリレーションによって世に出た名作は、演奏に60分以上を要する壮大さから《ザ・グレート》の愛称で呼ばれるようになる。その佇まいを「天国的な長さ」と称したシューマンの感性にも脱帽だ。'
144,ブラームス：交響曲 第2番 ニ長調 作品73,「ベートーヴェンの呪縛から解放された新境地」,https://www.universal-music.co.jp/claudio-abbado/products/uccs-50163,'ブラームスはその生涯に優れた4曲の交響曲を遺したことにより“ベートーヴェン以降最大の交響曲作曲家”と呼ばれている。1877年に初演された第2番は、ベートーヴェンの後継者という呪縛に絡め取られて20年以上も悩み続けた結果ようやく生み出した第1番の翌年、わずか4ヵ月ほどで一気に書き上げたことが興味深い。その楽しげで明快な音楽からもブラームスの吹っ切れ感が伝わってくるこの作品は、ブラームスの新たな一歩と言えそうだ。'
145,マーラー：交響曲 第1番 ニ長調 《巨人》,「指揮と作曲を両立させた男の意欲作」,https://www.universal-music.co.jp/seiji-ozawa/products/uccs-50164,'ブダペスト王立歌劇場の指揮者として活躍していた最中に作られたこの曲は、ドイツ・ロマン派の作家ジャン・パウルの詩『巨人』に基づいて名付けられた大作だ。シューベルト同様根底に歌曲があると言われるマーラーの作風は、声楽を伴わない第1番においても明らかで、大編成の管弦楽に歌曲風のメロディを歌わせるあたりが親しみやすい。第3楽章に「グー・チョキ・パーでなにつくろう」という歌詞でお馴染みのメロディが登場するのも要チェック！'
146,モーツァルト：交響曲 第39番 変ホ長調 K.543,「モーツァルトが踏み込んだ神の領域とは」,https://www.universal-music.co.jp/karl-bohm/products/uccs-50165,'日本人が大好きな「3大なんたら」のモーツァルト版と言えば、この第39番を筆頭とした41番までの「3大交響曲」だ。まさにこの３曲の完成度については否定のしようがない。アンリ=ゲオによる「交響曲におけるモーツァルトの歩みはこの３曲によって最高の完成に達し、崇高な神の御社となった」という言葉にも偽りなしだ。しかしこの名作の初演記録が無いということは、予約演奏会に人が集まらずに流れたことが想像される。嗚呼…なんということだ。'
147,ドヴォルザーク：交響曲 第8番 ト長調 作品88,「祖国ボヘミアの雰囲気に満ちた充実期の傑作」,https://www.universal-music.co.jp/p/uccs-50166/,'名高い第9番《新世界より》に先立つこと3年半前の1890年2月に初演されたこの曲は、ドヴォルザークの故郷ボヘミアの雰囲気が色濃く反映された名曲だ。作曲当時のドヴォルザークは、チェコ科学アカデミー会員推挙やプラハ大学及びケンブリッジ大学の名誉博士号を授与されるなど国際的な名声が高まった時期であり、ニューヨーク・ナショナル音楽院からの勧誘によって渡米直前の時期にあたる。充実の極みにあった作品の完成度は極めて高い。'
148,シベリウス：交響曲 第2番 ニ長調 作品43,「フィンランドの自然美や伝説を謳い上げた傑作」,https://www.universal-music.co.jp/leonard-bernstein/products/uccs-50167,'帝政ロシアからの独立運動を鼓舞する交響詩《フィンランディア》の成功によって、フィンランドの国民的作曲家となったシベリウスは、1901年に家族でイタリアへ旅行。その地で出会った古い時代の音楽や伝説などに感銘を受けて完成させた作品が交響曲第2番だ。フィンランドの雄大な自然や古くから伝わる神話や伝説なども音楽の源泉として感じられるこの曲の初演は1902年。シベリウスが遺した7曲の交響曲の中で最も頻繁に演奏される名曲だ。'
149,マーラー：交響曲 第3番 ニ短調,「かつてギネスブックにも掲載された長大な美」,https://www.universal-music.co.jp/claudio-abbado/products/uccs-50168,'マーラーが完成させた《大地の歌》を含む10曲の交響曲の中でも最も長大な作品が第3番だ。その長さはかつてギネスブックにも掲載されていたほどで、演奏時間は全6楽章で100分を超える勢いだ。作品を貫く「自らの自然感を謳い上げる」というテーマがは、「死と復活」をイメージした第2番と対比されて興味深い。「ゆるやかに、平静に、感情を込めて」と指定される第6楽章の美しさは破格。マーラー作品の中の白眉と言えそうだ。'
150,モーツァルト：交響曲 第25番 ト短調 K.183(173dB),「映画『アマデウス』に登場した鬼気迫る名曲」,https://www.universal-music.co.jp/leonard-bernstein/products/uccs-50170,「神に愛されしもの」という意味のアマデウスをミドルネームに持つ天才モーツァルトと、彼の才能に嫉妬する秀才サリエリの葛藤を描いた映画『アマデウス』は見応え充分。モーツァルトの名作がふんだんに散りばめられた映画の中でも最も効果的に使われていたのが「交響曲第25番ト短調」だ。モーツァルトが遺した41曲の交響曲の中で、短調で書かれたのは25番と40番の2曲のみ。鬼気迫るメロディが、映画の緊張感を盛り上げる。